year,province,expense,income,debt,Construction_Index_,Agri_Prod_Index_,Agri_Prod_Index_Crop_,Grains_and_Food_(GF)_,Cassava_,Maize_,Mung_Bean_,Paddy_,Glutinous_,Hommali_,White_Rice_,Sugarcane_,Perennials_,Coffee_,Peppercorn_,USS_3_,Fruits_,Cavendish_Banana_,Durian_,Longan_,Longkong_,Lychee_,Kiaw_Sawei_,Mangosteen_,Pineapple_,Rambutan_,Tangerine_,Vegetables_,Garlic_,Onion_,Potato_,Shallot_,Oilseed_,Coconut_,Groundnut_,Palm_Kernel_,Soybean_,Fibres_,Cotton_,Flowerers_,Orchids_,Livestocks_,Cattle_,Chicken_,Fowl_,Swine_,Fisheries_,Vanamei_Shrimp_,Revenue_Dept_,Excise_Dept_,Customs_Dept_,Personal_Income_Tax_,Corporate_Income_Tax_,Value_Added_Tax_,Govt_Expenditure_Actual_,Govt_Expenditure_Actual_FY_,Govt_Expenditure_Actual_FY_Current_,Govt_Expenditure_Actual_FY_Capital_
2007,ปัตตานี,12531,11840,80120,60,111,110,111,159,89,99,102,99,99,105,157,109,95,75,109,110,104,115,70,116,93,128,164,100,95,99,85,70,80,120,85,112,89,87,128,99,24,24,106,106,110,109,115,108,111,129,129,95112,23665,7690,16388,32622,37099,139005,130906,106102,24805
2007,แม่ฮ่องสอน,5333,7245,63553,105,111,110,111,159,89,99,102,99,99,105,157,109,95,75,109,110,104,115,70,116,93,128,164,100,95,99,85,70,80,120,85,112,89,87,128,99,24,24,106,106,110,109,115,108,111,129,129,95112,23665,7690,16388,32622,37099,139005,130906,106102,24805
2007,หนองคาย,12131,12885,93981,107,111,110,111,159,89,99,102,99,99,105,157,109,95,75,109,110,104,115,70,116,93,128,164,100,95,99,85,70,80,120,85,112,89,87,128,99,24,24,106,106,110,109,115,108,111,129,129,95112,23665,7690,16388,32622,37099,139005,130906,106102,24805
2007,ชลบุรี,21048,22260,139319,133,111,110,111,159,89,99,102,99,99,105,157,109,95,75,109,110,104,115,70,116,93,128,164,100,95,99,85,70,80,120,85,112,89,87,128,99,24,24,106,106,110,109,115,108,111,129,129,95112,23665,7690,16388,32622,37099,139005,130906,106102,24805
2007,อุบลราชธานี,10399,14534,105811,54,111,110,111,159,89,99,102,99,99,105,157,109,95,75,109,110,104,115,70,116,93,128,164,100,95,99,85,70,80,120,85,112,89,87,128,99,24,24,106,106,110,109,115,108,111,129,129,95112,23665,7690,16388,32622,37099,139005,130906,106102,24805
2007,กรุงเทพมหานคร,25615,39020,155396,155,111,110,111,159,89,99,102,99,99,105,157,109,95,75,109,110,104,115,70,116,93,128,164,100,95,99,85,70,80,120,85,112,89,87,128,99,24,24,106,106,110,109,115,108,111,129,129,95112,23665,7690,16388,32622,37099,139005,130906,106102,24805
2007,สุโขทัย,8695,12720,85399,92,111,110,111,159,89,99,102,99,99,105,157,109,95,75,109,110,104,115,70,116,93,128,164,100,95,99,85,70,80,120,85,112,89,87,128,99,24,24,106,106,110,109,115,108,111,129,129,95112,23665,7690,16388,32622,37099,139005,130906,106102,24805
2007,เพชรบุรี,13256,17855,76667,119,111,110,111,159,89,99,102,99,99,105,157,109,95,75,109,110,104,115,70,116,93,128,164,100,95,99,85,70,80,120,85,112,89,87,128,99,24,24,106,106,110,109,115,108,111,129,129,95112,23665,7690,16388,32622,37099,139005,130906,106102,24805
2007,ยโสธร,9209,10040,60451,66,111,110,111,159,89,99,102,99,99,105,157,109,95,75,109,110,104,115,70,116,93,128,164,100,95,99,85,70,80,120,85,112,89,87,128,99,24,24,106,106,110,109,115,108,111,129,129,95112,23665,7690,16388,32622,37099,139005,130906,106102,24805
2007,อุทัยธานี,9726,12036,121374,87,111,110,111,159,89,99,102,99,99,105,157,109,95,75,109,110,104,115,70,116,93,128,164,100,95,99,85,70,80,120,85,112,89,87,128,99,24,24,106,106,110,109,115,108,111,129,129,95112,23665,7690,16388,32622,37099,139005,130906,106102,24805
2007,กาญจนบุรี,12457,15326,91113,87,111,110,111,159,89,99,102,99,99,105,157,109,95,75,109,110,104,115,70,116,93,128,164,100,95,99,85,70,80,120,85,112,89,87,128,99,24,24,106,106,110,109,115,108,111,129,129,95112,23665,7690,16388,32622,37099,139005,130906,106102,24805
2007,เชียงราย,10702,13736,101202,71,111,110,111,159,89,99,102,99,99,105,157,109,95,75,109,110,104,115,70,116,93,128,164,100,95,99,85,70,80,120,85,112,89,87,128,99,24,24,106,106,110,109,115,108,111,129,129,95112,23665,7690,16388,32622,37099,139005,130906,106102,24805
2007,สุรินทร์,12116,12257,111983,78,111,110,111,159,89,99,102,99,99,105,157,109,95,75,109,110,104,115,70,116,93,128,164,100,95,99,85,70,80,120,85,112,89,87,128,99,24,24,106,106,110,109,115,108,111,129,129,95112,23665,7690,16388,32622,37099,139005,130906,106102,24805
2007,ชัยนาท,12841,13995,180175,98,111,110,111,159,89,99,102,99,99,105,157,109,95,75,109,110,104,115,70,116,93,128,164,100,95,99,85,70,80,120,85,112,89,87,128,99,24,24,106,106,110,109,115,108,111,129,129,95112,23665,7690,16388,32622,37099,139005,130906,106102,24805
2007,อุตรดิตถ์,11217,15001,109336,102,111,110,111,159,89,99,102,99,99,105,157,109,95,75,109,110,104,115,70,116,93,128,164,100,95,99,85,70,80,120,85,112,89,87,128,99,24,24,106,106,110,109,115,108,111,129,129,95112,23665,7690,16388,32622,37099,139005,130906,106102,24805
2007,กาฬสินธุ์,10099,12507,144115,64,111,110,111,159,89,99,102,99,99,105,157,109,95,75,109,110,104,115,70,116,93,128,164,100,95,99,85,70,80,120,85,112,89,87,128,99,24,24,106,106,110,109,115,108,111,129,129,95112,23665,7690,16388,32622,37099,139005,130906,106102,24805
2007,พัทลุง,15750,18670,129637,100,111,110,111,159,89,99,102,99,99,105,157,109,95,75,109,110,104,115,70,116,93,128,164,100,95,99,85,70,80,120,85,112,89,87,128,99,24,24,106,106,110,109,115,108,111,129,129,95112,23665,7690,16388,32622,37099,139005,130906,106102,24805
2007,ยะลา,11990,13698,56369,64,111,110,111,159,89,99,102,99,99,105,157,109,95,75,109,110,104,115,70,116,93,128,164,100,95,99,85,70,80,120,85,112,89,87,128,99,24,24,106,106,110,109,115,108,111,129,129,95112,23665,7690,16388,32622,37099,139005,130906,106102,24805
2007,พังงา,17870,22211,106854,137,111,110,111,159,89,99,102,99,99,105,157,109,95,75,109,110,104,115,70,116,93,128,164,100,95,99,85,70,80,120,85,112,89,87,128,99,24,24,106,106,110,109,115,108,111,129,129,95112,23665,7690,16388,32622,37099,139005,130906,106102,24805
2007,อุดรธานี,14759,17273,104050,77,111,110,111,159,89,99,102,99,99,105,157,109,95,75,109,110,104,115,70,116,93,128,164,100,95,99,85,70,80,120,85,112,89,87,128,99,24,24,106,106,110,109,115,108,111,129,129,95112,23665,7690,16388,32622,37099,139005,130906,106102,24805
2007,กำแพงเพชร,12461,15559,117473,109,111,110,111,159,89,99,102,99,99,105,157,109,95,75,109,110,104,115,70,116,93,128,164,100,95,99,85,70,80,120,85,112,89,87,128,99,24,24,106,106,110,109,115,108,111,129,129,95112,23665,7690,16388,32622,37099,139005,130906,106102,24805
2007,สระบุรี,15467,22363,120194,70,111,110,111,159,89,99,102,99,99,105,157,109,95,75,109,110,104,115,70,116,93,128,164,100,95,99,85,70,80,120,85,112,89,87,128,99,24,24,106,106,110,109,115,108,111,129,129,95112,23665,7690,16388,32622,37099,139005,130906,106102,24805
2007,พะเยา,10495,11348,116854,99,111,110,111,159,89,99,102,99,99,105,157,109,95,75,109,110,104,115,70,116,93,128,164,100,95,99,85,70,80,120,85,112,89,87,128,99,24,24,106,106,110,109,115,108,111,129,129,95112,23665,7690,16388,32622,37099,139005,130906,106102,24805
2007,สุราษฎร์ธานี,18133,26207,142231,112,111,110,111,159,89,99,102,99,99,105,157,109,95,75,109,110,104,115,70,116,93,128,164,100,95,99,85,70,80,120,85,112,89,87,128,99,24,24,106,106,110,109,115,108,111,129,129,95112,23665,7690,16388,32622,37099,139005,130906,106102,24805
2007,อำนาจเจริญ,10224,11889,109063,184,111,110,111,159,89,99,102,99,99,105,157,109,95,75,109,110,104,115,70,116,93,128,164,100,95,99,85,70,80,120,85,112,89,87,128,99,24,24,106,106,110,109,115,108,111,129,129,95112,23665,7690,16388,32622,37099,139005,130906,106102,24805
2007,ขอนแก่น,11247,15065,119399,94,111,110,111,159,89,99,102,99,99,105,157,109,95,75,109,110,104,115,70,116,93,128,164,100,95,99,85,70,80,120,85,112,89,87,128,99,24,24,106,106,110,109,115,108,111,129,129,95112,23665,7690,16388,32622,37099,139005,130906,106102,24805
2007,ชัยภูมิ,9344,11253,91550,113,111,110,111,159,89,99,102,99,99,105,157,109,95,75,109,110,104,115,70,116,93,128,164,100,95,99,85,70,80,120,85,112,89,87,128,99,24,24,106,106,110,109,115,108,111,129,129,95112,23665,7690,16388,32622,37099,139005,130906,106102,24805
2007,ตรัง,19149,23650,178839,135,111,110,111,159,89,99,102,99,99,105,157,109,95,75,109,110,104,115,70,116,93,128,164,100,95,99,85,70,80,120,85,112,89,87,128,99,24,24,106,106,110,109,115,108,111,129,129,95112,23665,7690,16388,32622,37099,139005,130906,106102,24805
2007,สิงห์บุรี,14988,20558,76219,99,111,110,111,159,89,99,102,99,99,105,157,109,95,75,109,110,104,115,70,116,93,128,164,100,95,99,85,70,80,120,85,112,89,87,128,99,24,24,106,106,110,109,115,108,111,129,129,95112,23665,7690,16388,32622,37099,139005,130906,106102,24805
2007,อ่างทอง,13431,17704,105430,107,111,110,111,159,89,99,102,99,99,105,157,109,95,75,109,110,104,115,70,116,93,128,164,100,95,99,85,70,80,120,85,112,89,87,128,99,24,24,106,106,110,109,115,108,111,129,129,95112,23665,7690,16388,32622,37099,139005,130906,106102,24805
2007,จันทบุรี,16449,18866,186301,52,111,110,111,159,89,99,102,99,99,105,157,109,95,75,109,110,104,115,70,116,93,128,164,100,95,99,85,70,80,120,85,112,89,87,128,99,24,24,106,106,110,109,115,108,111,129,129,95112,23665,7690,16388,32622,37099,139005,130906,106102,24805
2007,เชียงใหม่,12480,14386,93611,92,111,110,111,159,89,99,102,99,99,105,157,109,95,75,109,110,104,115,70,116,93,128,164,100,95,99,85,70,80,120,85,112,89,87,128,99,24,24,106,106,110,109,115,108,111,129,129,95112,23665,7690,16388,32622,37099,139005,130906,106102,24805
2007,สุพรรณบุรี,11892,15112,80475,72,111,110,111,159,89,99,102,99,99,105,157,109,95,75,109,110,104,115,70,116,93,128,164,100,95,99,85,70,80,120,85,112,89,87,128,99,24,24,106,106,110,109,115,108,111,129,129,95112,23665,7690,16388,32622,37099,139005,130906,106102,24805
2007,ชุมพร,15074,19003,127313,106,111,110,111,159,89,99,102,99,99,105,157,109,95,75,109,110,104,115,70,116,93,128,164,100,95,99,85,70,80,120,85,112,89,87,128,99,24,24,106,106,110,109,115,108,111,129,129,95112,23665,7690,16388,32622,37099,139005,130906,106102,24805
2007,หนองบัวลำภู,11717,11889,117417,60,111,110,111,159,89,99,102,99,99,105,157,109,95,75,109,110,104,115,70,116,93,128,164,100,95,99,85,70,80,120,85,112,89,87,128,99,24,24,106,106,110,109,115,108,111,129,129,95112,23665,7690,16388,32622,37099,139005,130906,106102,24805
2007,ฉะเชิงเทรา,16231,20665,151114,109,111,110,111,159,89,99,102,99,99,105,157,109,95,75,109,110,104,115,70,116,93,128,164,100,95,99,85,70,80,120,85,112,89,87,128,99,24,24,106,106,110,109,115,108,111,129,129,95112,23665,7690,16388,32622,37099,139005,130906,106102,24805
2007,สระแก้ว,9975,13593,101281,79,111,110,111,159,89,99,102,99,99,105,157,109,95,75,109,110,104,115,70,116,93,128,164,100,95,99,85,70,80,120,85,112,89,87,128,99,24,24,106,106,110,109,115,108,111,129,129,95112,23665,7690,16388,32622,37099,139005,130906,106102,24805
2007,ตราด,13463,16664,122305,89,111,110,111,159,89,99,102,99,99,105,157,109,95,75,109,110,104,115,70,116,93,128,164,100,95,99,85,70,80,120,85,112,89,87,128,99,24,24,106,106,110,109,115,108,111,129,129,95112,23665,7690,16388,32622,37099,139005,130906,106102,24805
2007,สมุทรสาคร,14076,18735,69569,103,111,110,111,159,89,99,102,99,99,105,157,109,95,75,109,110,104,115,70,116,93,128,164,100,95,99,85,70,80,120,85,112,89,87,128,99,24,24,106,106,110,109,115,108,111,129,129,95112,23665,7690,16388,32622,37099,139005,130906,106102,24805
2007,ตาก,8874,10791,62642,97,111,110,111,159,89,99,102,99,99,105,157,109,95,75,109,110,104,115,70,116,93,128,164,100,95,99,85,70,80,120,85,112,89,87,128,99,24,24,106,106,110,109,115,108,111,129,129,95112,23665,7690,16388,32622,37099,139005,130906,106102,24805
2007,สมุทรสงคราม,9918,12634,5778,107,111,110,111,159,89,99,102,99,99,105,157,109,95,75,109,110,104,115,70,116,93,128,164,100,95,99,85,70,80,120,85,112,89,87,128,99,24,24,106,106,110,109,115,108,111,129,129,95112,23665,7690,16388,32622,37099,139005,130906,106102,24805
2007,นครนายก,13584,15983,98113,122,111,110,111,159,89,99,102,99,99,105,157,109,95,75,109,110,104,115,70,116,93,128,164,100,95,99,85,70,80,120,85,112,89,87,128,99,24,24,106,106,110,109,115,108,111,129,129,95112,23665,7690,16388,32622,37099,139005,130906,106102,24805
2007,สมุทรปราการ,15910,21302,85904,182,111,110,111,159,89,99,102,99,99,105,157,109,95,75,109,110,104,115,70,116,93,128,164,100,95,99,85,70,80,120,85,112,89,87,128,99,24,24,106,106,110,109,115,108,111,129,129,95112,23665,7690,16388,32622,37099,139005,130906,106102,24805
2007,นครปฐม,18139,25447,100110,105,111,110,111,159,89,99,102,99,99,105,157,109,95,75,109,110,104,115,70,116,93,128,164,100,95,99,85,70,80,120,85,112,89,87,128,99,24,24,106,106,110,109,115,108,111,129,129,95112,23665,7690,16388,32622,37099,139005,130906,106102,24805
2007,กระบี่,15553,18852,182167,142,111,110,111,159,89,99,102,99,99,105,157,109,95,75,109,110,104,115,70,116,93,128,164,100,95,99,85,70,80,120,85,112,89,87,128,99,24,24,106,106,110,109,115,108,111,129,129,95112,23665,7690,16388,32622,37099,139005,130906,106102,24805
2007,สตูล,14716,17328,116896,68,111,110,111,159,89,99,102,99,99,105,157,109,95,75,109,110,104,115,70,116,93,128,164,100,95,99,85,70,80,120,85,112,89,87,128,99,24,24,106,106,110,109,115,108,111,129,129,95112,23665,7690,16388,32622,37099,139005,130906,106102,24805
2007,นครพนม,9652,10009,70049,116,111,110,111,159,89,99,102,99,99,105,157,109,95,75,109,110,104,115,70,116,93,128,164,100,95,99,85,70,80,120,85,112,89,87,128,99,24,24,106,106,110,109,115,108,111,129,129,95112,23665,7690,16388,32622,37099,139005,130906,106102,24805
2007,มุกดาหาร,11818,13406,115677,87,111,110,111,159,89,99,102,99,99,105,157,109,95,75,109,110,104,115,70,116,93,128,164,100,95,99,85,70,80,120,85,112,89,87,128,99,24,24,106,106,110,109,115,108,111,129,129,95112,23665,7690,16388,32622,37099,139005,130906,106102,24805
2007,สงขลา,18668,22342,142526,106,111,110,111,159,89,99,102,99,99,105,157,109,95,75,109,110,104,115,70,116,93,128,164,100,95,99,85,70,80,120,85,112,89,87,128,99,24,24,106,106,110,109,115,108,111,129,129,95112,23665,7690,16388,32622,37099,139005,130906,106102,24805
2007,นครราชสีมา,11305,14177,108337,89,111,110,111,159,89,99,102,99,99,105,157,109,95,75,109,110,104,115,70,116,93,128,164,100,95,99,85,70,80,120,85,112,89,87,128,99,24,24,106,106,110,109,115,108,111,129,129,95112,23665,7690,16388,32622,37099,139005,130906,106102,24805
2007,พิจิตร,10160,15603,143162,128,111,110,111,159,89,99,102,99,99,105,157,109,95,75,109,110,104,115,70,116,93,128,164,100,95,99,85,70,80,120,85,112,89,87,128,99,24,24,106,106,110,109,115,108,111,129,129,95112,23665,7690,16388,32622,37099,139005,130906,106102,24805
2007,สกลนคร,10916,11957,113124,78,111,110,111,159,89,99,102,99,99,105,157,109,95,75,109,110,104,115,70,116,93,128,164,100,95,99,85,70,80,120,85,112,89,87,128,99,24,24,106,106,110,109,115,108,111,129,129,95112,23665,7690,16388,32622,37099,139005,130906,106102,24805
2007,นครศรีธรรมราช,14990,18087,104004,103,111,110,111,159,89,99,102,99,99,105,157,109,95,75,109,110,104,115,70,116,93,128,164,100,95,99,85,70,80,120,85,112,89,87,128,99,24,24,106,106,110,109,115,108,111,129,129,95112,23665,7690,16388,32622,37099,139005,130906,106102,24805
2007,ศรีสะเกษ,9070,10782,99032,107,111,110,111,159,89,99,102,99,99,105,157,109,95,75,109,110,104,115,70,116,93,128,164,100,95,99,85,70,80,120,85,112,89,87,128,99,24,24,106,106,110,109,115,108,111,129,129,95112,23665,7690,16388,32622,37099,139005,130906,106102,24805
2007,นครสวรรค์,10699,15141,145170,77,111,110,111,159,89,99,102,99,99,105,157,109,95,75,109,110,104,115,70,116,93,128,164,100,95,99,85,70,80,120,85,112,89,87,128,99,24,24,106,106,110,109,115,108,111,129,129,95112,23665,7690,16388,32622,37099,139005,130906,106102,24805
2007,แพร่,11491,14045,117489,94,111,110,111,159,89,99,102,99,99,105,157,109,95,75,109,110,104,115,70,116,93,128,164,100,95,99,85,70,80,120,85,112,89,87,128,99,24,24,106,106,110,109,115,108,111,129,129,95112,23665,7690,16388,32622,37099,139005,130906,106102,24805
2007,ร้อยเอ็ด,10638,11779,117702,77,111,110,111,159,89,99,102,99,99,105,157,109,95,75,109,110,104,115,70,116,93,128,164,100,95,99,85,70,80,120,85,112,89,87,128,99,24,24,106,106,110,109,115,108,111,129,129,95112,23665,7690,16388,32622,37099,139005,130906,106102,24805
2007,เลย,12341,13765,108560,78,111,110,111,159,89,99,102,99,99,105,157,109,95,75,109,110,104,115,70,116,93,128,164,100,95,99,85,70,80,120,85,112,89,87,128,99,24,24,106,106,110,109,115,108,111,129,129,95112,23665,7690,16388,32622,37099,139005,130906,106102,24805
2007,นนทบุรี,26414,32743,196895,94,111,110,111,159,89,99,102,99,99,105,157,109,95,75,109,110,104,115,70,116,93,128,164,100,95,99,85,70,80,120,85,112,89,87,128,99,24,24,106,106,110,109,115,108,111,129,129,95112,23665,7690,16388,32622,37099,139005,130906,106102,24805
2007,ลำพูน,12789,14104,108318,75,111,110,111,159,89,99,102,99,99,105,157,109,95,75,109,110,104,115,70,116,93,128,164,100,95,99,85,70,80,120,85,112,89,87,128,99,24,24,106,106,110,109,115,108,111,129,129,95112,23665,7690,16388,32622,37099,139005,130906,106102,24805
2007,นราธิวาส,9711,13148,36368,83,111,110,111,159,89,99,102,99,99,105,157,109,95,75,109,110,104,115,70,116,93,128,164,100,95,99,85,70,80,120,85,112,89,87,128,99,24,24,106,106,110,109,115,108,111,129,129,95112,23665,7690,16388,32622,37099,139005,130906,106102,24805
2007,มหาสารคาม,11605,15812,90740,79,111,110,111,159,89,99,102,99,99,105,157,109,95,75,109,110,104,115,70,116,93,128,164,100,95,99,85,70,80,120,85,112,89,87,128,99,24,24,106,106,110,109,115,108,111,129,129,95112,23665,7690,16388,32622,37099,139005,130906,106102,24805
2007,ลำปาง,11360,13531,116734,103,111,110,111,159,89,99,102,99,99,105,157,109,95,75,109,110,104,115,70,116,93,128,164,100,95,99,85,70,80,120,85,112,89,87,128,99,24,24,106,106,110,109,115,108,111,129,129,95112,23665,7690,16388,32622,37099,139005,130906,106102,24805
2007,น่าน,11578,11407,127524,84,111,110,111,159,89,99,102,99,99,105,157,109,95,75,109,110,104,115,70,116,93,128,164,100,95,99,85,70,80,120,85,112,89,87,128,99,24,24,106,106,110,109,115,108,111,129,129,95112,23665,7690,16388,32622,37099,139005,130906,106102,24805
2007,พิษณุโลก,11276,13364,110830,92,111,110,111,159,89,99,102,99,99,105,157,109,95,75,109,110,104,115,70,116,93,128,164,100,95,99,85,70,80,120,85,112,89,87,128,99,24,24,106,106,110,109,115,108,111,129,129,95112,23665,7690,16388,32622,37099,139005,130906,106102,24805
2007,ลพบุรี,14462,16852,140722,65,111,110,111,159,89,99,102,99,99,105,157,109,95,75,109,110,104,115,70,116,93,128,164,100,95,99,85,70,80,120,85,112,89,87,128,99,24,24,106,106,110,109,115,108,111,129,129,95112,23665,7690,16388,32622,37099,139005,130906,106102,24805
2007,บุรีรัมย์,8537,10263,83032,70,111,110,111,159,89,99,102,99,99,105,157,109,95,75,109,110,104,115,70,116,93,128,164,100,95,99,85,70,80,120,85,112,89,87,128,99,24,24,106,106,110,109,115,108,111,129,129,95112,23665,7690,16388,32622,37099,139005,130906,106102,24805
2007,ราชบุรี,14786,17576,96086,107,111,110,111,159,89,99,102,99,99,105,157,109,95,75,109,110,104,115,70,116,93,128,164,100,95,99,85,70,80,120,85,112,89,87,128,99,24,24,106,106,110,109,115,108,111,129,129,95112,23665,7690,16388,32622,37099,139005,130906,106102,24805
2007,ปทุมธานี,19468,26107,152187,89,111,110,111,159,89,99,102,99,99,105,157,109,95,75,109,110,104,115,70,116,93,128,164,100,95,99,85,70,80,120,85,112,89,87,128,99,24,24,106,106,110,109,115,108,111,129,129,95112,23665,7690,16388,32622,37099,139005,130906,106102,24805
2007,เพชรบูรณ์,10946,12914,123574,87,111,110,111,159,89,99,102,99,99,105,157,109,95,75,109,110,104,115,70,116,93,128,164,100,95,99,85,70,80,120,85,112,89,87,128,99,24,24,106,106,110,109,115,108,111,129,129,95112,23665,7690,16388,32622,37099,139005,130906,106102,24805
2007,ระยอง,18165,25090,149593,93,111,110,111,159,89,99,102,99,99,105,157,109,95,75,109,110,104,115,70,116,93,128,164,100,95,99,85,70,80,120,85,112,89,87,128,99,24,24,106,106,110,109,115,108,111,129,129,95112,23665,7690,16388,32622,37099,139005,130906,106102,24805
2007,ประจวบคีรีขันธ์,15977,17932,140536,90,111,110,111,159,89,99,102,99,99,105,157,109,95,75,109,110,104,115,70,116,93,128,164,100,95,99,85,70,80,120,85,112,89,87,128,99,24,24,106,106,110,109,115,108,111,129,129,95112,23665,7690,16388,32622,37099,139005,130906,106102,24805
2007,ระนอง,16358,21620,157317,81,111,110,111,159,89,99,102,99,99,105,157,109,95,75,109,110,104,115,70,116,93,128,164,100,95,99,85,70,80,120,85,112,89,87,128,99,24,24,106,106,110,109,115,108,111,129,129,95112,23665,7690,16388,32622,37099,139005,130906,106102,24805
2007,ปราจีนบุรี,16471,18263,120822,116,111,110,111,159,89,99,102,99,99,105,157,109,95,75,109,110,104,115,70,116,93,128,164,100,95,99,85,70,80,120,85,112,89,87,128,99,24,24,106,106,110,109,115,108,111,129,129,95112,23665,7690,16388,32622,37099,139005,130906,106102,24805
2007,ภูเก็ต,19329,25084,82362,130,111,110,111,159,89,99,102,99,99,105,157,109,95,75,109,110,104,115,70,116,93,128,164,100,95,99,85,70,80,120,85,112,89,87,128,99,24,24,106,106,110,109,115,108,111,129,129,95112,23665,7690,16388,32622,37099,139005,130906,106102,24805
2009,เพชรบูรณ์,12862,17096,156388,94,116,116,119,159,115,83,109,100,100,117,171,118,99,49,119,103,107,102,88,78,104,137,128,87,73,67,85,67,80,125,86,126,71,75,163,88,20,20,114,114,106,106,123,112,96,149,149,95145,27900,6794,16586,32694,36420,163660,152055,127181,24877
2009,ตราด,13365,16949,99210,90,116,116,119,159,115,83,109,100,100,117,171,118,99,49,119,103,107,102,88,78,104,137,128,87,73,67,85,67,80,125,86,126,71,75,163,88,20,20,114,114,106,106,123,112,96,149,149,95145,27900,6794,16586,32694,36420,163660,152055,127181,24877
2009,พัทลุง,17613,19381,140417,99,116,116,119,159,115,83,109,100,100,117,171,118,99,49,119,103,107,102,88,78,104,137,128,87,73,67,85,67,80,125,86,126,71,75,163,88,20,20,114,114,106,106,123,112,96,149,149,95145,27900,6794,16586,32694,36420,163660,152055,127181,24877
2009,สมุทรสาคร,18074,20978,133793,96,116,116,119,159,115,83,109,100,100,117,171,118,99,49,119,103,107,102,88,78,104,137,128,87,73,67,85,67,80,125,86,126,71,75,163,88,20,20,114,114,106,106,123,112,96,149,149,95145,27900,6794,16586,32694,36420,163660,152055,127181,24877
2009,กระบี่,19377,23647,219674,100,116,116,119,159,115,83,109,100,100,117,171,118,99,49,119,103,107,102,88,78,104,137,128,87,73,67,85,67,80,125,86,126,71,75,163,88,20,20,114,114,106,106,123,112,96,149,149,95145,27900,6794,16586,32694,36420,163660,152055,127181,24877
2009,ปัตตานี,13784,13511,82370,99,116,116,119,159,115,83,109,100,100,117,171,118,99,49,119,103,107,102,88,78,104,137,128,87,73,67,85,67,80,125,86,126,71,75,163,88,20,20,114,114,106,106,123,112,96,149,149,95145,27900,6794,16586,32694,36420,163660,152055,127181,24877
2009,ตาก,9615,12453,77591,77,116,116,119,159,115,83,109,100,100,117,171,118,99,49,119,103,107,102,88,78,104,137,128,87,73,67,85,67,80,125,86,126,71,75,163,88,20,20,114,114,106,106,123,112,96,149,149,95145,27900,6794,16586,32694,36420,163660,152055,127181,24877
2009,แพร่,10695,13034,83630,87,116,116,119,159,115,83,109,100,100,117,171,118,99,49,119,103,107,102,88,78,104,137,128,87,73,67,85,67,80,125,86,126,71,75,163,88,20,20,114,114,106,106,123,112,96,149,149,95145,27900,6794,16586,32694,36420,163660,152055,127181,24877
2009,สมุทรสงคราม,17830,18363,27061,103,116,116,119,159,115,83,109,100,100,117,171,118,99,49,119,103,107,102,88,78,104,137,128,87,73,67,85,67,80,125,86,126,71,75,163,88,20,20,114,114,106,106,123,112,96,149,149,95145,27900,6794,16586,32694,36420,163660,152055,127181,24877
2009,อุบลราชธานี,11343,16747,116045,78,116,116,119,159,115,83,109,100,100,117,171,118,99,49,119,103,107,102,88,78,104,137,128,87,73,67,85,67,80,125,86,126,71,75,163,88,20,20,114,114,106,106,123,112,96,149,149,95145,27900,6794,16586,32694,36420,163660,152055,127181,24877
2009,กรุงเทพมหานคร,30334,42380,207665,98,116,116,119,159,115,83,109,100,100,117,171,118,99,49,119,103,107,102,88,78,104,137,128,87,73,67,85,67,80,125,86,126,71,75,163,88,20,20,114,114,106,106,123,112,96,149,149,95145,27900,6794,16586,32694,36420,163660,152055,127181,24877
2009,นครนายก,13574,17503,79420,89,116,116,119,159,115,83,109,100,100,117,171,118,99,49,119,103,107,102,88,78,104,137,128,87,73,67,85,67,80,125,86,126,71,75,163,88,20,20,114,114,106,106,123,112,96,149,149,95145,27900,6794,16586,32694,36420,163660,152055,127181,24877
2009,มุกดาหาร,13188,17370,129737,85,116,116,119,159,115,83,109,100,100,117,171,118,99,49,119,103,107,102,88,78,104,137,128,87,73,67,85,67,80,125,86,126,71,75,163,88,20,20,114,114,106,106,123,112,96,149,149,95145,27900,6794,16586,32694,36420,163660,152055,127181,24877
2009,สมุทรปราการ,18450,23359,117361,110,116,116,119,159,115,83,109,100,100,117,171,118,99,49,119,103,107,102,88,78,104,137,128,87,73,67,85,67,80,125,86,126,71,75,163,88,20,20,114,114,106,106,123,112,96,149,149,95145,27900,6794,16586,32694,36420,163660,152055,127181,24877
2009,อุทัยธานี,12000,17425,139482,81,116,116,119,159,115,83,109,100,100,117,171,118,99,49,119,103,107,102,88,78,104,137,128,87,73,67,85,67,80,125,86,126,71,75,163,88,20,20,114,114,106,106,123,112,96,149,149,95145,27900,6794,16586,32694,36420,163660,152055,127181,24877
2009,กาญจนบุรี,15669,17571,107527,99,116,116,119,159,115,83,109,100,100,117,171,118,99,49,119,103,107,102,88,78,104,137,128,87,73,67,85,67,80,125,86,126,71,75,163,88,20,20,114,114,106,106,123,112,96,149,149,95145,27900,6794,16586,32694,36420,163660,152055,127181,24877
2009,นครปฐม,17308,24989,101030,92,116,116,119,159,115,83,109,100,100,117,171,118,99,49,119,103,107,102,88,78,104,137,128,87,73,67,85,67,80,125,86,126,71,75,163,88,20,20,114,114,106,106,123,112,96,149,149,95145,27900,6794,16586,32694,36420,163660,152055,127181,24877
2009,ยะลา,10580,19619,18902,83,116,116,119,159,115,83,109,100,100,117,171,118,99,49,119,103,107,102,88,78,104,137,128,87,73,67,85,67,80,125,86,126,71,75,163,88,20,20,114,114,106,106,123,112,96,149,149,95145,27900,6794,16586,32694,36420,163660,152055,127181,24877
2009,สตูล,18043,20695,183123,87,116,116,119,159,115,83,109,100,100,117,171,118,99,49,119,103,107,102,88,78,104,137,128,87,73,67,85,67,80,125,86,126,71,75,163,88,20,20,114,114,106,106,123,112,96,149,149,95145,27900,6794,16586,32694,36420,163660,152055,127181,24877
2009,อุตรดิตถ์,10275,15865,99686,91,116,116,119,159,115,83,109,100,100,117,171,118,99,49,119,103,107,102,88,78,104,137,128,87,73,67,85,67,80,125,86,126,71,75,163,88,20,20,114,114,106,106,123,112,96,149,149,95145,27900,6794,16586,32694,36420,163660,152055,127181,24877
2009,กาฬสินธุ์,9186,11748,97711,81,116,116,119,159,115,83,109,100,100,117,171,118,99,49,119,103,107,102,88,78,104,137,128,87,73,67,85,67,80,125,86,126,71,75,163,88,20,20,114,114,106,106,123,112,96,149,149,95145,27900,6794,16586,32694,36420,163660,152055,127181,24877
2009,นครพนม,10868,12859,92430,81,116,116,119,159,115,83,109,100,100,117,171,118,99,49,119,103,107,102,88,78,104,137,128,87,73,67,85,67,80,125,86,126,71,75,163,88,20,20,114,114,106,106,123,112,96,149,149,95145,27900,6794,16586,32694,36420,163660,152055,127181,24877
2009,อุดรธานี,17307,16684,118490,77,116,116,119,159,115,83,109,100,100,117,171,118,99,49,119,103,107,102,88,78,104,137,128,87,73,67,85,67,80,125,86,126,71,75,163,88,20,20,114,114,106,106,123,112,96,149,149,95145,27900,6794,16586,32694,36420,163660,152055,127181,24877
2009,สงขลา,18929,27356,115079,93,116,116,119,159,115,83,109,100,100,117,171,118,99,49,119,103,107,102,88,78,104,137,128,87,73,67,85,67,80,125,86,126,71,75,163,88,20,20,114,114,106,106,123,112,96,149,149,95145,27900,6794,16586,32694,36420,163660,152055,127181,24877
2009,กำแพงเพชร,13423,18115,98772,88,116,116,119,159,115,83,109,100,100,117,171,118,99,49,119,103,107,102,88,78,104,137,128,87,73,67,85,67,80,125,86,126,71,75,163,88,20,20,114,114,106,106,123,112,96,149,149,95145,27900,6794,16586,32694,36420,163660,152055,127181,24877
2009,อำนาจเจริญ,12772,14763,159633,78,116,116,119,159,115,83,109,100,100,117,171,118,99,49,119,103,107,102,88,78,104,137,128,87,73,67,85,67,80,125,86,126,71,75,163,88,20,20,114,114,106,106,123,112,96,149,149,95145,27900,6794,16586,32694,36420,163660,152055,127181,24877
2009,นครราชสีมา,13939,19158,134654,102,116,116,119,159,115,83,109,100,100,117,171,118,99,49,119,103,107,102,88,78,104,137,128,87,73,67,85,67,80,125,86,126,71,75,163,88,20,20,114,114,106,106,123,112,96,149,149,95145,27900,6794,16586,32694,36420,163660,152055,127181,24877
2009,ขอนแก่น,13892,19779,113084,92,116,116,119,159,115,83,109,100,100,117,171,118,99,49,119,103,107,102,88,78,104,137,128,87,73,67,85,67,80,125,86,126,71,75,163,88,20,20,114,114,106,106,123,112,96,149,149,95145,27900,6794,16586,32694,36420,163660,152055,127181,24877
2009,สกลนคร,12623,16679,161441,78,116,116,119,159,115,83,109,100,100,117,171,118,99,49,119,103,107,102,88,78,104,137,128,87,73,67,85,67,80,125,86,126,71,75,163,88,20,20,114,114,106,106,123,112,96,149,149,95145,27900,6794,16586,32694,36420,163660,152055,127181,24877
2009,พะเยา,10399,13189,102774,80,116,116,119,159,115,83,109,100,100,117,171,118,99,49,119,103,107,102,88,78,104,137,128,87,73,67,85,67,80,125,86,126,71,75,163,88,20,20,114,114,106,106,123,112,96,149,149,95145,27900,6794,16586,32694,36420,163660,152055,127181,24877
2009,อ่างทอง,20773,25506,309494,93,116,116,119,159,115,83,109,100,100,117,171,118,99,49,119,103,107,102,88,78,104,137,128,87,73,67,85,67,80,125,86,126,71,75,163,88,20,20,114,114,106,106,123,112,96,149,149,95145,27900,6794,16586,32694,36420,163660,152055,127181,24877
2009,นครศรีธรรมราช,18763,23296,167985,95,116,116,119,159,115,83,109,100,100,117,171,118,99,49,119,103,107,102,88,78,104,137,128,87,73,67,85,67,80,125,86,126,71,75,163,88,20,20,114,114,106,106,123,112,96,149,149,95145,27900,6794,16586,32694,36420,163660,152055,127181,24877
2009,พิจิตร,14798,21821,138861,93,116,116,119,159,115,83,109,100,100,117,171,118,99,49,119,103,107,102,88,78,104,137,128,87,73,67,85,67,80,125,86,126,71,75,163,88,20,20,114,114,106,106,123,112,96,149,149,95145,27900,6794,16586,32694,36420,163660,152055,127181,24877
2009,ศรีสะเกษ,8725,10666,88343,72,116,116,119,159,115,83,109,100,100,117,171,118,99,49,119,103,107,102,88,78,104,137,128,87,73,67,85,67,80,125,86,126,71,75,163,88,20,20,114,114,106,106,123,112,96,149,149,95145,27900,6794,16586,32694,36420,163660,152055,127181,24877
2009,จันทบุรี,17290,19442,125646,85,116,116,119,159,115,83,109,100,100,117,171,118,99,49,119,103,107,102,88,78,104,137,128,87,73,67,85,67,80,125,86,126,71,75,163,88,20,20,114,114,106,106,123,112,96,149,149,95145,27900,6794,16586,32694,36420,163660,152055,127181,24877
2009,เพชรบุรี,14509,17440,70298,107,116,116,119,159,115,83,109,100,100,117,171,118,99,49,119,103,107,102,88,78,104,137,128,87,73,67,85,67,80,125,86,126,71,75,163,88,20,20,114,114,106,106,123,112,96,149,149,95145,27900,6794,16586,32694,36420,163660,152055,127181,24877
2009,นครสวรรค์,11683,17127,144951,83,116,116,119,159,115,83,109,100,100,117,171,118,99,49,119,103,107,102,88,78,104,137,128,87,73,67,85,67,80,125,86,126,71,75,163,88,20,20,114,114,106,106,123,112,96,149,149,95145,27900,6794,16586,32694,36420,163660,152055,127181,24877
2009,หนองบัวลำภู,13302,14012,118246,78,116,116,119,159,115,83,109,100,100,117,171,118,99,49,119,103,107,102,88,78,104,137,128,87,73,67,85,67,80,125,86,126,71,75,163,88,20,20,114,114,106,106,123,112,96,149,149,95145,27900,6794,16586,32694,36420,163660,152055,127181,24877
2009,ฉะเชิงเทรา,19009,21252,95398,94,116,116,119,159,115,83,109,100,100,117,171,118,99,49,119,103,107,102,88,78,104,137,128,87,73,67,85,67,80,125,86,126,71,75,163,88,20,20,114,114,106,106,123,112,96,149,149,95145,27900,6794,16586,32694,36420,163660,152055,127181,24877
2009,ยโสธร,10101,11813,85676,67,116,116,119,159,115,83,109,100,100,117,171,118,99,49,119,103,107,102,88,78,104,137,128,87,73,67,85,67,80,125,86,126,71,75,163,88,20,20,114,114,106,106,123,112,96,149,149,95145,27900,6794,16586,32694,36420,163660,152055,127181,24877
2009,หนองคาย,13598,14467,62462,78,116,116,119,159,115,83,109,100,100,117,171,118,99,49,119,103,107,102,88,78,104,137,128,87,73,67,85,67,80,125,86,126,71,75,163,88,20,20,114,114,106,106,123,112,96,149,149,95145,27900,6794,16586,32694,36420,163660,152055,127181,24877
2009,นนทบุรี,29487,34626,240769,96,116,116,119,159,115,83,109,100,100,117,171,118,99,49,119,103,107,102,88,78,104,137,128,87,73,67,85,67,80,125,86,126,71,75,163,88,20,20,114,114,106,106,123,112,96,149,149,95145,27900,6794,16586,32694,36420,163660,152055,127181,24877
2009,มหาสารคาม,12692,19845,177380,91,116,116,119,159,115,83,109,100,100,117,171,118,99,49,119,103,107,102,88,78,104,137,128,87,73,67,85,67,80,125,86,126,71,75,163,88,20,20,114,114,106,106,123,112,96,149,149,95145,27900,6794,16586,32694,36420,163660,152055,127181,24877
2009,ลำพูน,16476,20048,180285,80,116,116,119,159,115,83,109,100,100,117,171,118,99,49,119,103,107,102,88,78,104,137,128,87,73,67,85,67,80,125,86,126,71,75,163,88,20,20,114,114,106,106,123,112,96,149,149,95145,27900,6794,16586,32694,36420,163660,152055,127181,24877
2009,ชลบุรี,21312,24052,191149,104,116,116,119,159,115,83,109,100,100,117,171,118,99,49,119,103,107,102,88,78,104,137,128,87,73,67,85,67,80,125,86,126,71,75,163,88,20,20,114,114,106,106,123,112,96,149,149,95145,27900,6794,16586,32694,36420,163660,152055,127181,24877
2009,สุรินทร์,12038,11310,118378,76,116,116,119,159,115,83,109,100,100,117,171,118,99,49,119,103,107,102,88,78,104,137,128,87,73,67,85,67,80,125,86,126,71,75,163,88,20,20,114,114,106,106,123,112,96,149,149,95145,27900,6794,16586,32694,36420,163660,152055,127181,24877
2009,นราธิวาส,10486,11244,26246,99,116,116,119,159,115,83,109,100,100,117,171,118,99,49,119,103,107,102,88,78,104,137,128,87,73,67,85,67,80,125,86,126,71,75,163,88,20,20,114,114,106,106,123,112,96,149,149,95145,27900,6794,16586,32694,36420,163660,152055,127181,24877
2009,ชัยนาท,14272,18719,146132,81,116,116,119,159,115,83,109,100,100,117,171,118,99,49,119,103,107,102,88,78,104,137,128,87,73,67,85,67,80,125,86,126,71,75,163,88,20,20,114,114,106,106,123,112,96,149,149,95145,27900,6794,16586,32694,36420,163660,152055,127181,24877
2009,ลำปาง,10744,14020,91695,79,116,116,119,159,115,83,109,100,100,117,171,118,99,49,119,103,107,102,88,78,104,137,128,87,73,67,85,67,80,125,86,126,71,75,163,88,20,20,114,114,106,106,123,112,96,149,149,95145,27900,6794,16586,32694,36420,163660,152055,127181,24877
2009,สุราษฎร์ธานี,19720,30604,188247,105,116,116,119,159,115,83,109,100,100,117,171,118,99,49,119,103,107,102,88,78,104,137,128,87,73,67,85,67,80,125,86,126,71,75,163,88,20,20,114,114,106,106,123,112,96,149,149,95145,27900,6794,16586,32694,36420,163660,152055,127181,24877
2009,ชัยภูมิ,10324,12380,103092,90,116,116,119,159,115,83,109,100,100,117,171,118,99,49,119,103,107,102,88,78,104,137,128,87,73,67,85,67,80,125,86,126,71,75,163,88,20,20,114,114,106,106,123,112,96,149,149,95145,27900,6794,16586,32694,36420,163660,152055,127181,24877
2009,น่าน,12290,14624,165434,91,116,116,119,159,115,83,109,100,100,117,171,118,99,49,119,103,107,102,88,78,104,137,128,87,73,67,85,67,80,125,86,126,71,75,163,88,20,20,114,114,106,106,123,112,96,149,149,95145,27900,6794,16586,32694,36420,163660,152055,127181,24877
2009,พังงา,15100,22356,56697,109,116,116,119,159,115,83,109,100,100,117,171,118,99,49,119,103,107,102,88,78,104,137,128,87,73,67,85,67,80,125,86,126,71,75,163,88,20,20,114,114,106,106,123,112,96,149,149,95145,27900,6794,16586,32694,36420,163660,152055,127181,24877
2009,ลพบุรี,16764,22405,176483,78,116,116,119,159,115,83,109,100,100,117,171,118,99,49,119,103,107,102,88,78,104,137,128,87,73,67,85,67,80,125,86,126,71,75,163,88,20,20,114,114,106,106,123,112,96,149,149,95145,27900,6794,16586,32694,36420,163660,152055,127181,24877
2009,สุพรรณบุรี,11924,15797,63524,90,116,116,119,159,115,83,109,100,100,117,171,118,99,49,119,103,107,102,88,78,104,137,128,87,73,67,85,67,80,125,86,126,71,75,163,88,20,20,114,114,106,106,123,112,96,149,149,95145,27900,6794,16586,32694,36420,163660,152055,127181,24877
2009,ชุมพร,16452,25179,124643,107,116,116,119,159,115,83,109,100,100,117,171,118,99,49,119,103,107,102,88,78,104,137,128,87,73,67,85,67,80,125,86,126,71,75,163,88,20,20,114,114,106,106,123,112,96,149,149,95145,27900,6794,16586,32694,36420,163660,152055,127181,24877
2009,เลย,11181,13411,96423,94,116,116,119,159,115,83,109,100,100,117,171,118,99,49,119,103,107,102,88,78,104,137,128,87,73,67,85,67,80,125,86,126,71,75,163,88,20,20,114,114,106,106,123,112,96,149,149,95145,27900,6794,16586,32694,36420,163660,152055,127181,24877
2009,พิษณุโลก,12163,15779,128177,88,116,116,119,159,115,83,109,100,100,117,171,118,99,49,119,103,107,102,88,78,104,137,128,87,73,67,85,67,80,125,86,126,71,75,163,88,20,20,114,114,106,106,123,112,96,149,149,95145,27900,6794,16586,32694,36420,163660,152055,127181,24877
2009,ราชบุรี,16951,20994,121084,99,116,116,119,159,115,83,109,100,100,117,171,118,99,49,119,103,107,102,88,78,104,137,128,87,73,67,85,67,80,125,86,126,71,75,163,88,20,20,114,114,106,106,123,112,96,149,149,95145,27900,6794,16586,32694,36420,163660,152055,127181,24877
2009,สุโขทัย,11501,15411,102003,90,116,116,119,159,115,83,109,100,100,117,171,118,99,49,119,103,107,102,88,78,104,137,128,87,73,67,85,67,80,125,86,126,71,75,163,88,20,20,114,114,106,106,123,112,96,149,149,95145,27900,6794,16586,32694,36420,163660,152055,127181,24877
2009,เชียงราย,10337,13278,94392,76,116,116,119,159,115,83,109,100,100,117,171,118,99,49,119,103,107,102,88,78,104,137,128,87,73,67,85,67,80,125,86,126,71,75,163,88,20,20,114,114,106,106,123,112,96,149,149,95145,27900,6794,16586,32694,36420,163660,152055,127181,24877
2009,ปทุมธานี,22460,26686,220761,103,116,116,119,159,115,83,109,100,100,117,171,118,99,49,119,103,107,102,88,78,104,137,128,87,73,67,85,67,80,125,86,126,71,75,163,88,20,20,114,114,106,106,123,112,96,149,149,95145,27900,6794,16586,32694,36420,163660,152055,127181,24877
2009,แม่ฮ่องสอน,5283,7936,32562,85,116,116,119,159,115,83,109,100,100,117,171,118,99,49,119,103,107,102,88,78,104,137,128,87,73,67,85,67,80,125,86,126,71,75,163,88,20,20,114,114,106,106,123,112,96,149,149,95145,27900,6794,16586,32694,36420,163660,152055,127181,24877
2009,ระยอง,18559,22983,144786,116,116,116,119,159,115,83,109,100,100,117,171,118,99,49,119,103,107,102,88,78,104,137,128,87,73,67,85,67,80,125,86,126,71,75,163,88,20,20,114,114,106,106,123,112,96,149,149,95145,27900,6794,16586,32694,36420,163660,152055,127181,24877
2009,สิงห์บุรี,17787,25419,55605,97,116,116,119,159,115,83,109,100,100,117,171,118,99,49,119,103,107,102,88,78,104,137,128,87,73,67,85,67,80,125,86,126,71,75,163,88,20,20,114,114,106,106,123,112,96,149,149,95145,27900,6794,16586,32694,36420,163660,152055,127181,24877
2009,เชียงใหม่,14234,16141,131525,89,116,116,119,159,115,83,109,100,100,117,171,118,99,49,119,103,107,102,88,78,104,137,128,87,73,67,85,67,80,125,86,126,71,75,163,88,20,20,114,114,106,106,123,112,96,149,149,95145,27900,6794,16586,32694,36420,163660,152055,127181,24877
2009,ประจวบคีรีขันธ์,15782,16934,173821,100,116,116,119,159,115,83,109,100,100,117,171,118,99,49,119,103,107,102,88,78,104,137,128,87,73,67,85,67,80,125,86,126,71,75,163,88,20,20,114,114,106,106,123,112,96,149,149,95145,27900,6794,16586,32694,36420,163660,152055,127181,24877
2009,ภูเก็ต,23783,28515,80201,114,116,116,119,159,115,83,109,100,100,117,171,118,99,49,119,103,107,102,88,78,104,137,128,87,73,67,85,67,80,125,86,126,71,75,163,88,20,20,114,114,106,106,123,112,96,149,149,95145,27900,6794,16586,32694,36420,163660,152055,127181,24877
2009,ระนอง,16218,19274,102741,94,116,116,119,159,115,83,109,100,100,117,171,118,99,49,119,103,107,102,88,78,104,137,128,87,73,67,85,67,80,125,86,126,71,75,163,88,20,20,114,114,106,106,123,112,96,149,149,95145,27900,6794,16586,32694,36420,163660,152055,127181,24877
2009,สระบุรี,17378,21947,148743,88,116,116,119,159,115,83,109,100,100,117,171,118,99,49,119,103,107,102,88,78,104,137,128,87,73,67,85,67,80,125,86,126,71,75,163,88,20,20,114,114,106,106,123,112,96,149,149,95145,27900,6794,16586,32694,36420,163660,152055,127181,24877
2009,ตรัง,17085,21992,132883,103,116,116,119,159,115,83,109,100,100,117,171,118,99,49,119,103,107,102,88,78,104,137,128,87,73,67,85,67,80,125,86,126,71,75,163,88,20,20,114,114,106,106,123,112,96,149,149,95145,27900,6794,16586,32694,36420,163660,152055,127181,24877
2009,ปราจีนบุรี,18472,22548,175679,85,116,116,119,159,115,83,109,100,100,117,171,118,99,49,119,103,107,102,88,78,104,137,128,87,73,67,85,67,80,125,86,126,71,75,163,88,20,20,114,114,106,106,123,112,96,149,149,95145,27900,6794,16586,32694,36420,163660,152055,127181,24877
2009,สระแก้ว,12396,15525,105886,88,116,116,119,159,115,83,109,100,100,117,171,118,99,49,119,103,107,102,88,78,104,137,128,87,73,67,85,67,80,125,86,126,71,75,163,88,20,20,114,114,106,106,123,112,96,149,149,95145,27900,6794,16586,32694,36420,163660,152055,127181,24877
2009,ร้อยเอ็ด,12176,14932,138771,70,116,116,119,159,115,83,109,100,100,117,171,118,99,49,119,103,107,102,88,78,104,137,128,87,73,67,85,67,80,125,86,126,71,75,163,88,20,20,114,114,106,106,123,112,96,149,149,95145,27900,6794,16586,32694,36420,163660,152055,127181,24877
2009,บุรีรัมย์,10427,13734,117943,84,116,116,119,159,115,83,109,100,100,117,171,118,99,49,119,103,107,102,88,78,104,137,128,87,73,67,85,67,80,125,86,126,71,75,163,88,20,20,114,114,106,106,123,112,96,149,149,95145,27900,6794,16586,32694,36420,163660,152055,127181,24877
2011,สตูล,18954,21047,101355,97,127,129,133,123,116,84,123,109,110,135,247,139,66,32,140,100,42,78,110,42,47,155,69,119,60,28,86,71,90,124,84,149,54,76,215,64,20,20,104,104,109,99,128,122,97,167,167,127717,30927,8726,20212,47675,49172,172445,161381,139010,22372
2011,อุบลราชธานี,16030,21660,173065,92,127,129,133,123,116,84,123,109,110,135,247,139,66,32,140,100,42,78,110,42,47,155,69,119,60,28,86,71,90,124,84,149,54,76,215,64,20,20,104,104,109,99,128,122,97,167,167,127717,30927,8726,20212,47675,49172,172445,161381,139010,22372
2011,อุทัยธานี,12710,18487,140001,89,127,129,133,123,116,84,123,109,110,135,247,139,66,32,140,100,42,78,110,42,47,155,69,119,60,28,86,71,90,124,84,149,54,76,215,64,20,20,104,104,109,99,128,122,97,167,167,127717,30927,8726,20212,47675,49172,172445,161381,139010,22372
2011,อุตรดิตถ์,13433,17602,112976,76,127,129,133,123,116,84,123,109,110,135,247,139,66,32,140,100,42,78,110,42,47,155,69,119,60,28,86,71,90,124,84,149,54,76,215,64,20,20,104,104,109,99,128,122,97,167,167,127717,30927,8726,20212,47675,49172,172445,161381,139010,22372
2011,อุดรธานี,19086,22017,165688,90,127,129,133,123,116,84,123,109,110,135,247,139,66,32,140,100,42,78,110,42,47,155,69,119,60,28,86,71,90,124,84,149,54,76,215,64,20,20,104,104,109,99,128,122,97,167,167,127717,30927,8726,20212,47675,49172,172445,161381,139010,22372
2011,อำนาจเจริญ,14862,15975,145074,90,127,129,133,123,116,84,123,109,110,135,247,139,66,32,140,100,42,78,110,42,47,155,69,119,60,28,86,71,90,124,84,149,54,76,215,64,20,20,104,104,109,99,128,122,97,167,167,127717,30927,8726,20212,47675,49172,172445,161381,139010,22372
2011,อ่างทอง,16591,21140,133918,98,127,129,133,123,116,84,123,109,110,135,247,139,66,32,140,100,42,78,110,42,47,155,69,119,60,28,86,71,90,124,84,149,54,76,215,64,20,20,104,104,109,99,128,122,97,167,167,127717,30927,8726,20212,47675,49172,172445,161381,139010,22372
2011,หนองบัวลำภู,16381,17139,121289,96,127,129,133,123,116,84,123,109,110,135,247,139,66,32,140,100,42,78,110,42,47,155,69,119,60,28,86,71,90,124,84,149,54,76,215,64,20,20,104,104,109,99,128,122,97,167,167,127717,30927,8726,20212,47675,49172,172445,161381,139010,22372
2011,หนองคาย,15517,16979,64424,99,127,129,133,123,116,84,123,109,110,135,247,139,66,32,140,100,42,78,110,42,47,155,69,119,60,28,86,71,90,124,84,149,54,76,215,64,20,20,104,104,109,99,128,122,97,167,167,127717,30927,8726,20212,47675,49172,172445,161381,139010,22372
2011,สุรินทร์,14401,18287,196381,81,127,129,133,123,116,84,123,109,110,135,247,139,66,32,140,100,42,78,110,42,47,155,69,119,60,28,86,71,90,124,84,149,54,76,215,64,20,20,104,104,109,99,128,122,97,167,167,127717,30927,8726,20212,47675,49172,172445,161381,139010,22372
2011,สุราษฎร์ธานี,22826,34417,144725,132,127,129,133,123,116,84,123,109,110,135,247,139,66,32,140,100,42,78,110,42,47,155,69,119,60,28,86,71,90,124,84,149,54,76,215,64,20,20,104,104,109,99,128,122,97,167,167,127717,30927,8726,20212,47675,49172,172445,161381,139010,22372
2011,สุพรรณบุรี,11908,15928,53265,112,127,129,133,123,116,84,123,109,110,135,247,139,66,32,140,100,42,78,110,42,47,155,69,119,60,28,86,71,90,124,84,149,54,76,215,64,20,20,104,104,109,99,128,122,97,167,167,127717,30927,8726,20212,47675,49172,172445,161381,139010,22372
2011,สุโขทัย,13315,18098,122772,115,127,129,133,123,116,84,123,109,110,135,247,139,66,32,140,100,42,78,110,42,47,155,69,119,60,28,86,71,90,124,84,149,54,76,215,64,20,20,104,104,109,99,128,122,97,167,167,127717,30927,8726,20212,47675,49172,172445,161381,139010,22372
2011,สิงห์บุรี,19207,26068,133378,117,127,129,133,123,116,84,123,109,110,135,247,139,66,32,140,100,42,78,110,42,47,155,69,119,60,28,86,71,90,124,84,149,54,76,215,64,20,20,104,104,109,99,128,122,97,167,167,127717,30927,8726,20212,47675,49172,172445,161381,139010,22372
2011,สระบุรี,19377,27114,142504,107,127,129,133,123,116,84,123,109,110,135,247,139,66,32,140,100,42,78,110,42,47,155,69,119,60,28,86,71,90,124,84,149,54,76,215,64,20,20,104,104,109,99,128,122,97,167,167,127717,30927,8726,20212,47675,49172,172445,161381,139010,22372
2011,สระแก้ว,15130,17781,106147,103,127,129,133,123,116,84,123,109,110,135,247,139,66,32,140,100,42,78,110,42,47,155,69,119,60,28,86,71,90,124,84,149,54,76,215,64,20,20,104,104,109,99,128,122,97,167,167,127717,30927,8726,20212,47675,49172,172445,161381,139010,22372
2011,สมุทรสาคร,18164,20850,104822,101,127,129,133,123,116,84,123,109,110,135,247,139,66,32,140,100,42,78,110,42,47,155,69,119,60,28,86,71,90,124,84,149,54,76,215,64,20,20,104,104,109,99,128,122,97,167,167,127717,30927,8726,20212,47675,49172,172445,161381,139010,22372
2011,สมุทรสงคราม,15601,15068,9244,119,127,129,133,123,116,84,123,109,110,135,247,139,66,32,140,100,42,78,110,42,47,155,69,119,60,28,86,71,90,124,84,149,54,76,215,64,20,20,104,104,109,99,128,122,97,167,167,127717,30927,8726,20212,47675,49172,172445,161381,139010,22372
2011,สมุทรปราการ,20158,23798,115169,121,127,129,133,123,116,84,123,109,110,135,247,139,66,32,140,100,42,78,110,42,47,155,69,119,60,28,86,71,90,124,84,149,54,76,215,64,20,20,104,104,109,99,128,122,97,167,167,127717,30927,8726,20212,47675,49172,172445,161381,139010,22372
2011,สงขลา,20612,26711,107472,119,127,129,133,123,116,84,123,109,110,135,247,139,66,32,140,100,42,78,110,42,47,155,69,119,60,28,86,71,90,124,84,149,54,76,215,64,20,20,104,104,109,99,128,122,97,167,167,127717,30927,8726,20212,47675,49172,172445,161381,139010,22372
2011,สกลนคร,12337,15326,138725,103,127,129,133,123,116,84,123,109,110,135,247,139,66,32,140,100,42,78,110,42,47,155,69,119,60,28,86,71,90,124,84,149,54,76,215,64,20,20,104,104,109,99,128,122,97,167,167,127717,30927,8726,20212,47675,49172,172445,161381,139010,22372
2011,ศรีสะเกษ,11672,13944,112526,116,127,129,133,123,116,84,123,109,110,135,247,139,66,32,140,100,42,78,110,42,47,155,69,119,60,28,86,71,90,124,84,149,54,76,215,64,20,20,104,104,109,99,128,122,97,167,167,127717,30927,8726,20212,47675,49172,172445,161381,139010,22372
2011,เลย,15155,17958,123951,127,127,129,133,123,116,84,123,109,110,135,247,139,66,32,140,100,42,78,110,42,47,155,69,119,60,28,86,71,90,124,84,149,54,76,215,64,20,20,104,104,109,99,128,122,97,167,167,127717,30927,8726,20212,47675,49172,172445,161381,139010,22372
2011,ลำพูน,16605,18778,177830,81,127,129,133,123,116,84,123,109,110,135,247,139,66,32,140,100,42,78,110,42,47,155,69,119,60,28,86,71,90,124,84,149,54,76,215,64,20,20,104,104,109,99,128,122,97,167,167,127717,30927,8726,20212,47675,49172,172445,161381,139010,22372
2011,ลำปาง,14693,18454,157080,104,127,129,133,123,116,84,123,109,110,135,247,139,66,32,140,100,42,78,110,42,47,155,69,119,60,28,86,71,90,124,84,149,54,76,215,64,20,20,104,104,109,99,128,122,97,167,167,127717,30927,8726,20212,47675,49172,172445,161381,139010,22372
2011,ลพบุรี,14875,17178,87009,111,127,129,133,123,116,84,123,109,110,135,247,139,66,32,140,100,42,78,110,42,47,155,69,119,60,28,86,71,90,124,84,149,54,76,215,64,20,20,104,104,109,99,128,122,97,167,167,127717,30927,8726,20212,47675,49172,172445,161381,139010,22372
2011,ราชบุรี,13847,18713,116257,114,127,129,133,123,116,84,123,109,110,135,247,139,66,32,140,100,42,78,110,42,47,155,69,119,60,28,86,71,90,124,84,149,54,76,215,64,20,20,104,104,109,99,128,122,97,167,167,127717,30927,8726,20212,47675,49172,172445,161381,139010,22372
2011,ระยอง,18546,21929,104910,109,127,129,133,123,116,84,123,109,110,135,247,139,66,32,140,100,42,78,110,42,47,155,69,119,60,28,86,71,90,124,84,149,54,76,215,64,20,20,104,104,109,99,128,122,97,167,167,127717,30927,8726,20212,47675,49172,172445,161381,139010,22372
2011,ระนอง,23602,26049,161420,108,127,129,133,123,116,84,123,109,110,135,247,139,66,32,140,100,42,78,110,42,47,155,69,119,60,28,86,71,90,124,84,149,54,76,215,64,20,20,104,104,109,99,128,122,97,167,167,127717,30927,8726,20212,47675,49172,172445,161381,139010,22372
2011,ร้อยเอ็ด,15476,20167,187017,86,127,129,133,123,116,84,123,109,110,135,247,139,66,32,140,100,42,78,110,42,47,155,69,119,60,28,86,71,90,124,84,149,54,76,215,64,20,20,104,104,109,99,128,122,97,167,167,127717,30927,8726,20212,47675,49172,172445,161381,139010,22372
2011,ยะลา,14777,21859,60167,130,127,129,133,123,116,84,123,109,110,135,247,139,66,32,140,100,42,78,110,42,47,155,69,119,60,28,86,71,90,124,84,149,54,76,215,64,20,20,104,104,109,99,128,122,97,167,167,127717,30927,8726,20212,47675,49172,172445,161381,139010,22372
2011,ยโสธร,12842,16767,165082,80,127,129,133,123,116,84,123,109,110,135,247,139,66,32,140,100,42,78,110,42,47,155,69,119,60,28,86,71,90,124,84,149,54,76,215,64,20,20,104,104,109,99,128,122,97,167,167,127717,30927,8726,20212,47675,49172,172445,161381,139010,22372
2011,แม่ฮ่องสอน,7224,9024,41957,108,127,129,133,123,116,84,123,109,110,135,247,139,66,32,140,100,42,78,110,42,47,155,69,119,60,28,86,71,90,124,84,149,54,76,215,64,20,20,104,104,109,99,128,122,97,167,167,127717,30927,8726,20212,47675,49172,172445,161381,139010,22372
2011,มุกดาหาร,15637,19048,182411,160,127,129,133,123,116,84,123,109,110,135,247,139,66,32,140,100,42,78,110,42,47,155,69,119,60,28,86,71,90,124,84,149,54,76,215,64,20,20,104,104,109,99,128,122,97,167,167,127717,30927,8726,20212,47675,49172,172445,161381,139010,22372
2011,มหาสารคาม,16636,25461,167718,85,127,129,133,123,116,84,123,109,110,135,247,139,66,32,140,100,42,78,110,42,47,155,69,119,60,28,86,71,90,124,84,149,54,76,215,64,20,20,104,104,109,99,128,122,97,167,167,127717,30927,8726,20212,47675,49172,172445,161381,139010,22372
2011,ภูเก็ต,21255,26048,71829,108,127,129,133,123,116,84,123,109,110,135,247,139,66,32,140,100,42,78,110,42,47,155,69,119,60,28,86,71,90,124,84,149,54,76,215,64,20,20,104,104,109,99,128,122,97,167,167,127717,30927,8726,20212,47675,49172,172445,161381,139010,22372
2011,แพร่,14135,18157,131010,93,127,129,133,123,116,84,123,109,110,135,247,139,66,32,140,100,42,78,110,42,47,155,69,119,60,28,86,71,90,124,84,149,54,76,215,64,20,20,104,104,109,99,128,122,97,167,167,127717,30927,8726,20212,47675,49172,172445,161381,139010,22372
2011,เพชรบูรณ์,11423,15678,91930,106,127,129,133,123,116,84,123,109,110,135,247,139,66,32,140,100,42,78,110,42,47,155,69,119,60,28,86,71,90,124,84,149,54,76,215,64,20,20,104,104,109,99,128,122,97,167,167,127717,30927,8726,20212,47675,49172,172445,161381,139010,22372
2011,เพชรบุรี,18275,20026,125291,113,127,129,133,123,116,84,123,109,110,135,247,139,66,32,140,100,42,78,110,42,47,155,69,119,60,28,86,71,90,124,84,149,54,76,215,64,20,20,104,104,109,99,128,122,97,167,167,127717,30927,8726,20212,47675,49172,172445,161381,139010,22372
2011,พิษณุโลก,15163,17474,157766,104,127,129,133,123,116,84,123,109,110,135,247,139,66,32,140,100,42,78,110,42,47,155,69,119,60,28,86,71,90,124,84,149,54,76,215,64,20,20,104,104,109,99,128,122,97,167,167,127717,30927,8726,20212,47675,49172,172445,161381,139010,22372
2011,พิจิตร,14623,18130,161005,100,127,129,133,123,116,84,123,109,110,135,247,139,66,32,140,100,42,78,110,42,47,155,69,119,60,28,86,71,90,124,84,149,54,76,215,64,20,20,104,104,109,99,128,122,97,167,167,127717,30927,8726,20212,47675,49172,172445,161381,139010,22372
2011,พัทลุง,18112,25202,169819,125,127,129,133,123,116,84,123,109,110,135,247,139,66,32,140,100,42,78,110,42,47,155,69,119,60,28,86,71,90,124,84,149,54,76,215,64,20,20,104,104,109,99,128,122,97,167,167,127717,30927,8726,20212,47675,49172,172445,161381,139010,22372
2011,พังงา,19272,24470,82728,116,127,129,133,123,116,84,123,109,110,135,247,139,66,32,140,100,42,78,110,42,47,155,69,119,60,28,86,71,90,124,84,149,54,76,215,64,20,20,104,104,109,99,128,122,97,167,167,127717,30927,8726,20212,47675,49172,172445,161381,139010,22372
2011,พะเยา,12348,14457,104638,93,127,129,133,123,116,84,123,109,110,135,247,139,66,32,140,100,42,78,110,42,47,155,69,119,60,28,86,71,90,124,84,149,54,76,215,64,20,20,104,104,109,99,128,122,97,167,167,127717,30927,8726,20212,47675,49172,172445,161381,139010,22372
2011,ปัตตานี,14012,16122,83777,130,127,129,133,123,116,84,123,109,110,135,247,139,66,32,140,100,42,78,110,42,47,155,69,119,60,28,86,71,90,124,84,149,54,76,215,64,20,20,104,104,109,99,128,122,97,167,167,127717,30927,8726,20212,47675,49172,172445,161381,139010,22372
2011,ปราจีนบุรี,22883,25338,127503,123,127,129,133,123,116,84,123,109,110,135,247,139,66,32,140,100,42,78,110,42,47,155,69,119,60,28,86,71,90,124,84,149,54,76,215,64,20,20,104,104,109,99,128,122,97,167,167,127717,30927,8726,20212,47675,49172,172445,161381,139010,22372
2011,ประจวบคีรีขันธ์,17236,17477,159828,102,127,129,133,123,116,84,123,109,110,135,247,139,66,32,140,100,42,78,110,42,47,155,69,119,60,28,86,71,90,124,84,149,54,76,215,64,20,20,104,104,109,99,128,122,97,167,167,127717,30927,8726,20212,47675,49172,172445,161381,139010,22372
2011,ปทุมธานี,18993,21616,145293,85,127,129,133,123,116,84,123,109,110,135,247,139,66,32,140,100,42,78,110,42,47,155,69,119,60,28,86,71,90,124,84,149,54,76,215,64,20,20,104,104,109,99,128,122,97,167,167,127717,30927,8726,20212,47675,49172,172445,161381,139010,22372
2011,บุรีรัมย์,13629,17316,161895,100,127,129,133,123,116,84,123,109,110,135,247,139,66,32,140,100,42,78,110,42,47,155,69,119,60,28,86,71,90,124,84,149,54,76,215,64,20,20,104,104,109,99,128,122,97,167,167,127717,30927,8726,20212,47675,49172,172445,161381,139010,22372
2011,น่าน,14280,16249,126774,87,127,129,133,123,116,84,123,109,110,135,247,139,66,32,140,100,42,78,110,42,47,155,69,119,60,28,86,71,90,124,84,149,54,76,215,64,20,20,104,104,109,99,128,122,97,167,167,127717,30927,8726,20212,47675,49172,172445,161381,139010,22372
2011,นราธิวาส,13901,16834,40943,210,127,129,133,123,116,84,123,109,110,135,247,139,66,32,140,100,42,78,110,42,47,155,69,119,60,28,86,71,90,124,84,149,54,76,215,64,20,20,104,104,109,99,128,122,97,167,167,127717,30927,8726,20212,47675,49172,172445,161381,139010,22372
2011,นนทบุรี,29099,35120,258853,106,127,129,133,123,116,84,123,109,110,135,247,139,66,32,140,100,42,78,110,42,47,155,69,119,60,28,86,71,90,124,84,149,54,76,215,64,20,20,104,104,109,99,128,122,97,167,167,127717,30927,8726,20212,47675,49172,172445,161381,139010,22372
2011,นครสวรรค์,13848,21561,174706,83,127,129,133,123,116,84,123,109,110,135,247,139,66,32,140,100,42,78,110,42,47,155,69,119,60,28,86,71,90,124,84,149,54,76,215,64,20,20,104,104,109,99,128,122,97,167,167,127717,30927,8726,20212,47675,49172,172445,161381,139010,22372
2011,นครศรีธรรมราช,20756,29970,89625,123,127,129,133,123,116,84,123,109,110,135,247,139,66,32,140,100,42,78,110,42,47,155,69,119,60,28,86,71,90,124,84,149,54,76,215,64,20,20,104,104,109,99,128,122,97,167,167,127717,30927,8726,20212,47675,49172,172445,161381,139010,22372
2011,นครราชสีมา,14251,19399,116108,129,127,129,133,123,116,84,123,109,110,135,247,139,66,32,140,100,42,78,110,42,47,155,69,119,60,28,86,71,90,124,84,149,54,76,215,64,20,20,104,104,109,99,128,122,97,167,167,127717,30927,8726,20212,47675,49172,172445,161381,139010,22372
2011,นครพนม,12049,14053,76338,88,127,129,133,123,116,84,123,109,110,135,247,139,66,32,140,100,42,78,110,42,47,155,69,119,60,28,86,71,90,124,84,149,54,76,215,64,20,20,104,104,109,99,128,122,97,167,167,127717,30927,8726,20212,47675,49172,172445,161381,139010,22372
2011,นครนายก,13807,17042,77091,105,127,129,133,123,116,84,123,109,110,135,247,139,66,32,140,100,42,78,110,42,47,155,69,119,60,28,86,71,90,124,84,149,54,76,215,64,20,20,104,104,109,99,128,122,97,167,167,127717,30927,8726,20212,47675,49172,172445,161381,139010,22372
2011,ตาก,10261,12936,60390,101,127,129,133,123,116,84,123,109,110,135,247,139,66,32,140,100,42,78,110,42,47,155,69,119,60,28,86,71,90,124,84,149,54,76,215,64,20,20,104,104,109,99,128,122,97,167,167,127717,30927,8726,20212,47675,49172,172445,161381,139010,22372
2011,ตราด,17051,28118,91346,109,127,129,133,123,116,84,123,109,110,135,247,139,66,32,140,100,42,78,110,42,47,155,69,119,60,28,86,71,90,124,84,149,54,76,215,64,20,20,104,104,109,99,128,122,97,167,167,127717,30927,8726,20212,47675,49172,172445,161381,139010,22372
2011,ตรัง,22687,36245,154678,116,127,129,133,123,116,84,123,109,110,135,247,139,66,32,140,100,42,78,110,42,47,155,69,119,60,28,86,71,90,124,84,149,54,76,215,64,20,20,104,104,109,99,128,122,97,167,167,127717,30927,8726,20212,47675,49172,172445,161381,139010,22372
2011,เชียงใหม่,15607,18323,89080,108,127,129,133,123,116,84,123,109,110,135,247,139,66,32,140,100,42,78,110,42,47,155,69,119,60,28,86,71,90,124,84,149,54,76,215,64,20,20,104,104,109,99,128,122,97,167,167,127717,30927,8726,20212,47675,49172,172445,161381,139010,22372
2011,เชียงราย,12726,15034,111092,100,127,129,133,123,116,84,123,109,110,135,247,139,66,32,140,100,42,78,110,42,47,155,69,119,60,28,86,71,90,124,84,149,54,76,215,64,20,20,104,104,109,99,128,122,97,167,167,127717,30927,8726,20212,47675,49172,172445,161381,139010,22372
2011,ชุมพร,20567,28022,130164,128,127,129,133,123,116,84,123,109,110,135,247,139,66,32,140,100,42,78,110,42,47,155,69,119,60,28,86,71,90,124,84,149,54,76,215,64,20,20,104,104,109,99,128,122,97,167,167,127717,30927,8726,20212,47675,49172,172445,161381,139010,22372
2011,ชัยภูมิ,12145,15794,105134,121,127,129,133,123,116,84,123,109,110,135,247,139,66,32,140,100,42,78,110,42,47,155,69,119,60,28,86,71,90,124,84,149,54,76,215,64,20,20,104,104,109,99,128,122,97,167,167,127717,30927,8726,20212,47675,49172,172445,161381,139010,22372
2011,ชัยนาท,17392,20181,175957,87,127,129,133,123,116,84,123,109,110,135,247,139,66,32,140,100,42,78,110,42,47,155,69,119,60,28,86,71,90,124,84,149,54,76,215,64,20,20,104,104,109,99,128,122,97,167,167,127717,30927,8726,20212,47675,49172,172445,161381,139010,22372
2011,ชลบุรี,20573,23007,186509,141,127,129,133,123,116,84,123,109,110,135,247,139,66,32,140,100,42,78,110,42,47,155,69,119,60,28,86,71,90,124,84,149,54,76,215,64,20,20,104,104,109,99,128,122,97,167,167,127717,30927,8726,20212,47675,49172,172445,161381,139010,22372
2011,ฉะเชิงเทรา,17958,23031,102745,111,127,129,133,123,116,84,123,109,110,135,247,139,66,32,140,100,42,78,110,42,47,155,69,119,60,28,86,71,90,124,84,149,54,76,215,64,20,20,104,104,109,99,128,122,97,167,167,127717,30927,8726,20212,47675,49172,172445,161381,139010,22372
2011,จันทบุรี,18861,24278,124266,110,127,129,133,123,116,84,123,109,110,135,247,139,66,32,140,100,42,78,110,42,47,155,69,119,60,28,86,71,90,124,84,149,54,76,215,64,20,20,104,104,109,99,128,122,97,167,167,127717,30927,8726,20212,47675,49172,172445,161381,139010,22372
2011,ขอนแก่น,12866,16030,77193,101,127,129,133,123,116,84,123,109,110,135,247,139,66,32,140,100,42,78,110,42,47,155,69,119,60,28,86,71,90,124,84,149,54,76,215,64,20,20,104,104,109,99,128,122,97,167,167,127717,30927,8726,20212,47675,49172,172445,161381,139010,22372
2011,กำแพงเพชร,13540,18672,105745,112,127,129,133,123,116,84,123,109,110,135,247,139,66,32,140,100,42,78,110,42,47,155,69,119,60,28,86,71,90,124,84,149,54,76,215,64,20,20,104,104,109,99,128,122,97,167,167,127717,30927,8726,20212,47675,49172,172445,161381,139010,22372
2011,กาฬสินธุ์,13028,17293,154871,73,127,129,133,123,116,84,123,109,110,135,247,139,66,32,140,100,42,78,110,42,47,155,69,119,60,28,86,71,90,124,84,149,54,76,215,64,20,20,104,104,109,99,128,122,97,167,167,127717,30927,8726,20212,47675,49172,172445,161381,139010,22372
2011,กาญจนบุรี,13777,15210,68786,119,127,129,133,123,116,84,123,109,110,135,247,139,66,32,140,100,42,78,110,42,47,155,69,119,60,28,86,71,90,124,84,149,54,76,215,64,20,20,104,104,109,99,128,122,97,167,167,127717,30927,8726,20212,47675,49172,172445,161381,139010,22372
2011,กรุงเทพมหานคร,29969,48951,218741,117,127,129,133,123,116,84,123,109,110,135,247,139,66,32,140,100,42,78,110,42,47,155,69,119,60,28,86,71,90,124,84,149,54,76,215,64,20,20,104,104,109,99,128,122,97,167,167,127717,30927,8726,20212,47675,49172,172445,161381,139010,22372
2011,กระบี่,19812,33350,177495,101,127,129,133,123,116,84,123,109,110,135,247,139,66,32,140,100,42,78,110,42,47,155,69,119,60,28,86,71,90,124,84,149,54,76,215,64,20,20,104,104,109,99,128,122,97,167,167,127717,30927,8726,20212,47675,49172,172445,161381,139010,22372
2011,นครปฐม,15981,22955,59484,108,127,129,133,123,116,84,123,109,110,135,247,139,66,32,140,100,42,78,110,42,47,155,69,119,60,28,86,71,90,124,84,149,54,76,215,64,20,20,104,104,109,99,128,122,97,167,167,127717,30927,8726,20212,47675,49172,172445,161381,139010,22372
2013,ราชบุรี,17253,25742,192593,145,132,137,140,189,118,86,126,106,106,143,240,148,74,10,150,111,59,87,120,78,61,174,132,95,62,20,69,74,70,95,56,164,52,66,249,30,1,1,104,104,128,90,154,145,115,79,79,147887,34843,9374,25097,49848,58170,203969,186042,158150,27892
2013,ปราจีนบุรี,18315,21039,110519,175,132,137,140,189,118,86,126,106,106,143,240,148,74,10,150,111,59,87,120,78,61,174,132,95,62,20,69,74,70,95,56,164,52,66,249,30,1,1,104,104,128,90,154,145,115,79,79,147887,34843,9374,25097,49848,58170,203969,186042,158150,27892
2013,กาฬสินธุ์,12445,13921,124725,123,132,137,140,189,118,86,126,106,106,143,240,148,74,10,150,111,59,87,120,78,61,174,132,95,62,20,69,74,70,95,56,164,52,66,249,30,1,1,104,104,128,90,154,145,115,79,79,147887,34843,9374,25097,49848,58170,203969,186042,158150,27892
2013,ร้อยเอ็ด,15348,20505,244163,89,132,137,140,189,118,86,126,106,106,143,240,148,74,10,150,111,59,87,120,78,61,174,132,95,62,20,69,74,70,95,56,164,52,66,249,30,1,1,104,104,128,90,154,145,115,79,79,147887,34843,9374,25097,49848,58170,203969,186042,158150,27892
2013,ตรัง,20922,33270,160207,111,132,137,140,189,118,86,126,106,106,143,240,148,74,10,150,111,59,87,120,78,61,174,132,95,62,20,69,74,70,95,56,164,52,66,249,30,1,1,104,104,128,90,154,145,115,79,79,147887,34843,9374,25097,49848,58170,203969,186042,158150,27892
2013,สระแก้ว,18571,24805,166090,130,132,137,140,189,118,86,126,106,106,143,240,148,74,10,150,111,59,87,120,78,61,174,132,95,62,20,69,74,70,95,56,164,52,66,249,30,1,1,104,104,128,90,154,145,115,79,79,147887,34843,9374,25097,49848,58170,203969,186042,158150,27892
2013,ประจวบคีรีขันธ์,22393,28459,222219,124,132,137,140,189,118,86,126,106,106,143,240,148,74,10,150,111,59,87,120,78,61,174,132,95,62,20,69,74,70,95,56,164,52,66,249,30,1,1,104,104,128,90,154,145,115,79,79,147887,34843,9374,25097,49848,58170,203969,186042,158150,27892
2013,พิษณุโลก,19928,27490,224876,128,132,137,140,189,118,86,126,106,106,143,240,148,74,10,150,111,59,87,120,78,61,174,132,95,62,20,69,74,70,95,56,164,52,66,249,30,1,1,104,104,128,90,154,145,115,79,79,147887,34843,9374,25097,49848,58170,203969,186042,158150,27892
2013,ระนอง,22587,32292,180869,104,132,137,140,189,118,86,126,106,106,143,240,148,74,10,150,111,59,87,120,78,61,174,132,95,62,20,69,74,70,95,56,164,52,66,249,30,1,1,104,104,128,90,154,145,115,79,79,147887,34843,9374,25097,49848,58170,203969,186042,158150,27892
2013,เชียงใหม่,11704,14393,39182,140,132,137,140,189,118,86,126,106,106,143,240,148,74,10,150,111,59,87,120,78,61,174,132,95,62,20,69,74,70,95,56,164,52,66,249,30,1,1,104,104,128,90,154,145,115,79,79,147887,34843,9374,25097,49848,58170,203969,186042,158150,27892
2013,สระบุรี,22765,32834,248741,133,132,137,140,189,118,86,126,106,106,143,240,148,74,10,150,111,59,87,120,78,61,174,132,95,62,20,69,74,70,95,56,164,52,66,249,30,1,1,104,104,128,90,154,145,115,79,79,147887,34843,9374,25097,49848,58170,203969,186042,158150,27892
2013,ปทุมธานี,29514,33461,386957,95,132,137,140,189,118,86,126,106,106,143,240,148,74,10,150,111,59,87,120,78,61,174,132,95,62,20,69,74,70,95,56,164,52,66,249,30,1,1,104,104,128,90,154,145,115,79,79,147887,34843,9374,25097,49848,58170,203969,186042,158150,27892
2013,เชียงราย,11068,13510,44956,107,132,137,140,189,118,86,126,106,106,143,240,148,74,10,150,111,59,87,120,78,61,174,132,95,62,20,69,74,70,95,56,164,52,66,249,30,1,1,104,104,128,90,154,145,115,79,79,147887,34843,9374,25097,49848,58170,203969,186042,158150,27892
2013,ระยอง,21873,30401,171432,158,132,137,140,189,118,86,126,106,106,143,240,148,74,10,150,111,59,87,120,78,61,174,132,95,62,20,69,74,70,95,56,164,52,66,249,30,1,1,104,104,128,90,154,145,115,79,79,147887,34843,9374,25097,49848,58170,203969,186042,158150,27892
2013,พังงา,17900,26168,123376,131,132,137,140,189,118,86,126,106,106,143,240,148,74,10,150,111,59,87,120,78,61,174,132,95,62,20,69,74,70,95,56,164,52,66,249,30,1,1,104,104,128,90,154,145,115,79,79,147887,34843,9374,25097,49848,58170,203969,186042,158150,27892
2013,สิงห์บุรี,22118,28115,151450,157,132,137,140,189,118,86,126,106,106,143,240,148,74,10,150,111,59,87,120,78,61,174,132,95,62,20,69,74,70,95,56,164,52,66,249,30,1,1,104,104,128,90,154,145,115,79,79,147887,34843,9374,25097,49848,58170,203969,186042,158150,27892
2013,บุรีรัมย์,14343,15624,117814,113,132,137,140,189,118,86,126,106,106,143,240,148,74,10,150,111,59,87,120,78,61,174,132,95,62,20,69,74,70,95,56,164,52,66,249,30,1,1,104,104,128,90,154,145,115,79,79,147887,34843,9374,25097,49848,58170,203969,186042,158150,27892
2013,ภูเก็ต,25338,31857,91904,133,132,137,140,189,118,86,126,106,106,143,240,148,74,10,150,111,59,87,120,78,61,174,132,95,62,20,69,74,70,95,56,164,52,66,249,30,1,1,104,104,128,90,154,145,115,79,79,147887,34843,9374,25097,49848,58170,203969,186042,158150,27892
2013,นครสวรรค์,14268,24158,232771,99,132,137,140,189,118,86,126,106,106,143,240,148,74,10,150,111,59,87,120,78,61,174,132,95,62,20,69,74,70,95,56,164,52,66,249,30,1,1,104,104,128,90,154,145,115,79,79,147887,34843,9374,25097,49848,58170,203969,186042,158150,27892
2013,ชุมพร,22552,27540,197459,138,132,137,140,189,118,86,126,106,106,143,240,148,74,10,150,111,59,87,120,78,61,174,132,95,62,20,69,74,70,95,56,164,52,66,249,30,1,1,104,104,128,90,154,145,115,79,79,147887,34843,9374,25097,49848,58170,203969,186042,158150,27892
2013,เพชรบูรณ์,13789,19918,103320,112,132,137,140,189,118,86,126,106,106,143,240,148,74,10,150,111,59,87,120,78,61,174,132,95,62,20,69,74,70,95,56,164,52,66,249,30,1,1,104,104,128,90,154,145,115,79,79,147887,34843,9374,25097,49848,58170,203969,186042,158150,27892
2013,น่าน,14078,17598,188161,166,132,137,140,189,118,86,126,106,106,143,240,148,74,10,150,111,59,87,120,78,61,174,132,95,62,20,69,74,70,95,56,164,52,66,249,30,1,1,104,104,128,90,154,145,115,79,79,147887,34843,9374,25097,49848,58170,203969,186042,158150,27892
2013,ชัยภูมิ,15022,18641,164135,210,132,137,140,189,118,86,126,106,106,143,240,148,74,10,150,111,59,87,120,78,61,174,132,95,62,20,69,74,70,95,56,164,52,66,249,30,1,1,104,104,128,90,154,145,115,79,79,147887,34843,9374,25097,49848,58170,203969,186042,158150,27892
2013,ลพบุรี,15945,23426,97449,108,132,137,140,189,118,86,126,106,106,143,240,148,74,10,150,111,59,87,120,78,61,174,132,95,62,20,69,74,70,95,56,164,52,66,249,30,1,1,104,104,128,90,154,145,115,79,79,147887,34843,9374,25097,49848,58170,203969,186042,158150,27892
2013,แม่ฮ่องสอน,7405,8821,38341,86,132,137,140,189,118,86,126,106,106,143,240,148,74,10,150,111,59,87,120,78,61,174,132,95,62,20,69,74,70,95,56,164,52,66,249,30,1,1,104,104,128,90,154,145,115,79,79,147887,34843,9374,25097,49848,58170,203969,186042,158150,27892
2013,สุพรรณบุรี,13450,17260,36593,135,132,137,140,189,118,86,126,106,106,143,240,148,74,10,150,111,59,87,120,78,61,174,132,95,62,20,69,74,70,95,56,164,52,66,249,30,1,1,104,104,128,90,154,145,115,79,79,147887,34843,9374,25097,49848,58170,203969,186042,158150,27892
2013,นราธิวาส,13728,16773,44974,232,132,137,140,189,118,86,126,106,106,143,240,148,74,10,150,111,59,87,120,78,61,174,132,95,62,20,69,74,70,95,56,164,52,66,249,30,1,1,104,104,128,90,154,145,115,79,79,147887,34843,9374,25097,49848,58170,203969,186042,158150,27892
2013,ชัยนาท,17767,32754,264144,103,132,137,140,189,118,86,126,106,106,143,240,148,74,10,150,111,59,87,120,78,61,174,132,95,62,20,69,74,70,95,56,164,52,66,249,30,1,1,104,104,128,90,154,145,115,79,79,147887,34843,9374,25097,49848,58170,203969,186042,158150,27892
2013,ลำปาง,15102,19262,174046,95,132,137,140,189,118,86,126,106,106,143,240,148,74,10,150,111,59,87,120,78,61,174,132,95,62,20,69,74,70,95,56,164,52,66,249,30,1,1,104,104,128,90,154,145,115,79,79,147887,34843,9374,25097,49848,58170,203969,186042,158150,27892
2013,สุราษฎร์ธานี,28119,36865,198998,145,132,137,140,189,118,86,126,106,106,143,240,148,74,10,150,111,59,87,120,78,61,174,132,95,62,20,69,74,70,95,56,164,52,66,249,30,1,1,104,104,128,90,154,145,115,79,79,147887,34843,9374,25097,49848,58170,203969,186042,158150,27892
2013,ชลบุรี,24934,28367,159084,184,132,137,140,189,118,86,126,106,106,143,240,148,74,10,150,111,59,87,120,78,61,174,132,95,62,20,69,74,70,95,56,164,52,66,249,30,1,1,104,104,128,90,154,145,115,79,79,147887,34843,9374,25097,49848,58170,203969,186042,158150,27892
2013,นนทบุรี,26947,30664,260752,119,132,137,140,189,118,86,126,106,106,143,240,148,74,10,150,111,59,87,120,78,61,174,132,95,62,20,69,74,70,95,56,164,52,66,249,30,1,1,104,104,128,90,154,145,115,79,79,147887,34843,9374,25097,49848,58170,203969,186042,158150,27892
2013,พิจิตร,14791,21664,208219,116,132,137,140,189,118,86,126,106,106,143,240,148,74,10,150,111,59,87,120,78,61,174,132,95,62,20,69,74,70,95,56,164,52,66,249,30,1,1,104,104,128,90,154,145,115,79,79,147887,34843,9374,25097,49848,58170,203969,186042,158150,27892
2013,ลำพูน,20381,22505,188174,93,132,137,140,189,118,86,126,106,106,143,240,148,74,10,150,111,59,87,120,78,61,174,132,95,62,20,69,74,70,95,56,164,52,66,249,30,1,1,104,104,128,90,154,145,115,79,79,147887,34843,9374,25097,49848,58170,203969,186042,158150,27892
2013,สุรินทร์,18584,21351,187498,89,132,137,140,189,118,86,126,106,106,143,240,148,74,10,150,111,59,87,120,78,61,174,132,95,62,20,69,74,70,95,56,164,52,66,249,30,1,1,104,104,128,90,154,145,115,79,79,147887,34843,9374,25097,49848,58170,203969,186042,158150,27892
2013,ฉะเชิงเทรา,26071,34548,217298,189,132,137,140,189,118,86,126,106,106,143,240,148,74,10,150,111,59,87,120,78,61,174,132,95,62,20,69,74,70,95,56,164,52,66,249,30,1,1,104,104,128,90,154,145,115,79,79,147887,34843,9374,25097,49848,58170,203969,186042,158150,27892
2013,พะเยา,11245,15491,80663,91,132,137,140,189,118,86,126,106,106,143,240,148,74,10,150,111,59,87,120,78,61,174,132,95,62,20,69,74,70,95,56,164,52,66,249,30,1,1,104,104,128,90,154,145,115,79,79,147887,34843,9374,25097,49848,58170,203969,186042,158150,27892
2013,หนองคาย,15670,18058,80636,86,132,137,140,189,118,86,126,106,106,143,240,148,74,10,150,111,59,87,120,78,61,174,132,95,62,20,69,74,70,95,56,164,52,66,249,30,1,1,104,104,128,90,154,145,115,79,79,147887,34843,9374,25097,49848,58170,203969,186042,158150,27892
2013,เลย,14916,16338,103670,138,132,137,140,189,118,86,126,106,106,143,240,148,74,10,150,111,59,87,120,78,61,174,132,95,62,20,69,74,70,95,56,164,52,66,249,30,1,1,104,104,128,90,154,145,115,79,79,147887,34843,9374,25097,49848,58170,203969,186042,158150,27892
2013,จันทบุรี,17597,27284,110504,140,132,137,140,189,118,86,126,106,106,143,240,148,74,10,150,111,59,87,120,78,61,174,132,95,62,20,69,74,70,95,56,164,52,66,249,30,1,1,104,104,128,90,154,145,115,79,79,147887,34843,9374,25097,49848,58170,203969,186042,158150,27892
2013,แพร่,15479,19418,149357,108,132,137,140,189,118,86,126,106,106,143,240,148,74,10,150,111,59,87,120,78,61,174,132,95,62,20,69,74,70,95,56,164,52,66,249,30,1,1,104,104,128,90,154,145,115,79,79,147887,34843,9374,25097,49848,58170,203969,186042,158150,27892
2013,นครศรีธรรมราช,19364,27479,123678,138,132,137,140,189,118,86,126,106,106,143,240,148,74,10,150,111,59,87,120,78,61,174,132,95,62,20,69,74,70,95,56,164,52,66,249,30,1,1,104,104,128,90,154,145,115,79,79,147887,34843,9374,25097,49848,58170,203969,186042,158150,27892
2013,มหาสารคาม,15506,21644,194195,105,132,137,140,189,118,86,126,106,106,143,240,148,74,10,150,111,59,87,120,78,61,174,132,95,62,20,69,74,70,95,56,164,52,66,249,30,1,1,104,104,128,90,154,145,115,79,79,147887,34843,9374,25097,49848,58170,203969,186042,158150,27892
2013,ศรีสะเกษ,13368,16207,191057,160,132,137,140,189,118,86,126,106,106,143,240,148,74,10,150,111,59,87,120,78,61,174,132,95,62,20,69,74,70,95,56,164,52,66,249,30,1,1,104,104,128,90,154,145,115,79,79,147887,34843,9374,25097,49848,58170,203969,186042,158150,27892
2013,หนองบัวลำภู,13664,15390,96118,126,132,137,140,189,118,86,126,106,106,143,240,148,74,10,150,111,59,87,120,78,61,174,132,95,62,20,69,74,70,95,56,164,52,66,249,30,1,1,104,104,128,90,154,145,115,79,79,147887,34843,9374,25097,49848,58170,203969,186042,158150,27892
2013,ขอนแก่น,13915,18095,79850,120,132,137,140,189,118,86,126,106,106,143,240,148,74,10,150,111,59,87,120,78,61,174,132,95,62,20,69,74,70,95,56,164,52,66,249,30,1,1,104,104,128,90,154,145,115,79,79,147887,34843,9374,25097,49848,58170,203969,186042,158150,27892
2013,นครราชสีมา,15618,22479,170703,156,132,137,140,189,118,86,126,106,106,143,240,148,74,10,150,111,59,87,120,78,61,174,132,95,62,20,69,74,70,95,56,164,52,66,249,30,1,1,104,104,128,90,154,145,115,79,79,147887,34843,9374,25097,49848,58170,203969,186042,158150,27892
2013,ยโสธร,12549,14418,63643,73,132,137,140,189,118,86,126,106,106,143,240,148,74,10,150,111,59,87,120,78,61,174,132,95,62,20,69,74,70,95,56,164,52,66,249,30,1,1,104,104,128,90,154,145,115,79,79,147887,34843,9374,25097,49848,58170,203969,186042,158150,27892
2013,สกลนคร,13021,16854,157855,133,132,137,140,189,118,86,126,106,106,143,240,148,74,10,150,111,59,87,120,78,61,174,132,95,62,20,69,74,70,95,56,164,52,66,249,30,1,1,104,104,128,90,154,145,115,79,79,147887,34843,9374,25097,49848,58170,203969,186042,158150,27892
2013,อ่างทอง,21183,28641,212498,98,132,137,140,189,118,86,126,106,106,143,240,148,74,10,150,111,59,87,120,78,61,174,132,95,62,20,69,74,70,95,56,164,52,66,249,30,1,1,104,104,128,90,154,145,115,79,79,147887,34843,9374,25097,49848,58170,203969,186042,158150,27892
2013,กำแพงเพชร,16360,22083,178672,137,132,137,140,189,118,86,126,106,106,143,240,148,74,10,150,111,59,87,120,78,61,174,132,95,62,20,69,74,70,95,56,164,52,66,249,30,1,1,104,104,128,90,154,145,115,79,79,147887,34843,9374,25097,49848,58170,203969,186042,158150,27892
2013,นครพนม,11447,14310,90411,120,132,137,140,189,118,86,126,106,106,143,240,148,74,10,150,111,59,87,120,78,61,174,132,95,62,20,69,74,70,95,56,164,52,66,249,30,1,1,104,104,128,90,154,145,115,79,79,147887,34843,9374,25097,49848,58170,203969,186042,158150,27892
2013,อำนาจเจริญ,14162,17273,134560,97,132,137,140,189,118,86,126,106,106,143,240,148,74,10,150,111,59,87,120,78,61,174,132,95,62,20,69,74,70,95,56,164,52,66,249,30,1,1,104,104,128,90,154,145,115,79,79,147887,34843,9374,25097,49848,58170,203969,186042,158150,27892
2013,สงขลา,21670,26824,161526,150,132,137,140,189,118,86,126,106,106,143,240,148,74,10,150,111,59,87,120,78,61,174,132,95,62,20,69,74,70,95,56,164,52,66,249,30,1,1,104,104,128,90,154,145,115,79,79,147887,34843,9374,25097,49848,58170,203969,186042,158150,27892
2013,อุดรธานี,21439,25966,167665,93,132,137,140,189,118,86,126,106,106,143,240,148,74,10,150,111,59,87,120,78,61,174,132,95,62,20,69,74,70,95,56,164,52,66,249,30,1,1,104,104,128,90,154,145,115,79,79,147887,34843,9374,25097,49848,58170,203969,186042,158150,27892
2013,กาญจนบุรี,17301,18746,105780,126,132,137,140,189,118,86,126,106,106,143,240,148,74,10,150,111,59,87,120,78,61,174,132,95,62,20,69,74,70,95,56,164,52,66,249,30,1,1,104,104,128,90,154,145,115,79,79,147887,34843,9374,25097,49848,58170,203969,186042,158150,27892
2013,นครปฐม,21305,30856,175894,138,132,137,140,189,118,86,126,106,106,143,240,148,74,10,150,111,59,87,120,78,61,174,132,95,62,20,69,74,70,95,56,164,52,66,249,30,1,1,104,104,128,90,154,145,115,79,79,147887,34843,9374,25097,49848,58170,203969,186042,158150,27892
2013,สุโขทัย,15312,24121,176298,125,132,137,140,189,118,86,126,106,106,143,240,148,74,10,150,111,59,87,120,78,61,174,132,95,62,20,69,74,70,95,56,164,52,66,249,30,1,1,104,104,128,90,154,145,115,79,79,147887,34843,9374,25097,49848,58170,203969,186042,158150,27892
2013,สตูล,22715,25400,155314,106,132,137,140,189,118,86,126,106,106,143,240,148,74,10,150,111,59,87,120,78,61,174,132,95,62,20,69,74,70,95,56,164,52,66,249,30,1,1,104,104,128,90,154,145,115,79,79,147887,34843,9374,25097,49848,58170,203969,186042,158150,27892
2013,ปัตตานี,16668,20199,109103,157,132,137,140,189,118,86,126,106,106,143,240,148,74,10,150,111,59,87,120,78,61,174,132,95,62,20,69,74,70,95,56,164,52,66,249,30,1,1,104,104,128,90,154,145,115,79,79,147887,34843,9374,25097,49848,58170,203969,186042,158150,27892
2013,อุตรดิตถ์,13550,21344,125871,75,132,137,140,189,118,86,126,106,106,143,240,148,74,10,150,111,59,87,120,78,61,174,132,95,62,20,69,74,70,95,56,164,52,66,249,30,1,1,104,104,128,90,154,145,115,79,79,147887,34843,9374,25097,49848,58170,203969,186042,158150,27892
2013,นครนายก,17697,23391,134040,112,132,137,140,189,118,86,126,106,106,143,240,148,74,10,150,111,59,87,120,78,61,174,132,95,62,20,69,74,70,95,56,164,52,66,249,30,1,1,104,104,128,90,154,145,115,79,79,147887,34843,9374,25097,49848,58170,203969,186042,158150,27892
2013,พัทลุง,16636,26169,162249,119,132,137,140,189,118,86,126,106,106,143,240,148,74,10,150,111,59,87,120,78,61,174,132,95,62,20,69,74,70,95,56,164,52,66,249,30,1,1,104,104,128,90,154,145,115,79,79,147887,34843,9374,25097,49848,58170,203969,186042,158150,27892
2013,สมุทรปราการ,26193,29575,207741,177,132,137,140,189,118,86,126,106,106,143,240,148,74,10,150,111,59,87,120,78,61,174,132,95,62,20,69,74,70,95,56,164,52,66,249,30,1,1,104,104,128,90,154,145,115,79,79,147887,34843,9374,25097,49848,58170,203969,186042,158150,27892
2013,กรุงเทพมหานคร,35024,49191,275577,148,132,137,140,189,118,86,126,106,106,143,240,148,74,10,150,111,59,87,120,78,61,174,132,95,62,20,69,74,70,95,56,164,52,66,249,30,1,1,104,104,128,90,154,145,115,79,79,147887,34843,9374,25097,49848,58170,203969,186042,158150,27892
2013,อุทัยธานี,13083,20150,219238,120,132,137,140,189,118,86,126,106,106,143,240,148,74,10,150,111,59,87,120,78,61,174,132,95,62,20,69,74,70,95,56,164,52,66,249,30,1,1,104,104,128,90,154,145,115,79,79,147887,34843,9374,25097,49848,58170,203969,186042,158150,27892
2013,ตาก,13149,17020,120246,107,132,137,140,189,118,86,126,106,106,143,240,148,74,10,150,111,59,87,120,78,61,174,132,95,62,20,69,74,70,95,56,164,52,66,249,30,1,1,104,104,128,90,154,145,115,79,79,147887,34843,9374,25097,49848,58170,203969,186042,158150,27892
2013,เพชรบุรี,18469,21784,109519,129,132,137,140,189,118,86,126,106,106,143,240,148,74,10,150,111,59,87,120,78,61,174,132,95,62,20,69,74,70,95,56,164,52,66,249,30,1,1,104,104,128,90,154,145,115,79,79,147887,34843,9374,25097,49848,58170,203969,186042,158150,27892
2013,สมุทรสงคราม,16558,16257,9857,130,132,137,140,189,118,86,126,106,106,143,240,148,74,10,150,111,59,87,120,78,61,174,132,95,62,20,69,74,70,95,56,164,52,66,249,30,1,1,104,104,128,90,154,145,115,79,79,147887,34843,9374,25097,49848,58170,203969,186042,158150,27892
2013,กระบี่,20836,27276,168946,112,132,137,140,189,118,86,126,106,106,143,240,148,74,10,150,111,59,87,120,78,61,174,132,95,62,20,69,74,70,95,56,164,52,66,249,30,1,1,104,104,128,90,154,145,115,79,79,147887,34843,9374,25097,49848,58170,203969,186042,158150,27892
2013,ยะลา,12522,22483,35829,139,132,137,140,189,118,86,126,106,106,143,240,148,74,10,150,111,59,87,120,78,61,174,132,95,62,20,69,74,70,95,56,164,52,66,249,30,1,1,104,104,128,90,154,145,115,79,79,147887,34843,9374,25097,49848,58170,203969,186042,158150,27892
2013,ตราด,16706,21653,147139,98,132,137,140,189,118,86,126,106,106,143,240,148,74,10,150,111,59,87,120,78,61,174,132,95,62,20,69,74,70,95,56,164,52,66,249,30,1,1,104,104,128,90,154,145,115,79,79,147887,34843,9374,25097,49848,58170,203969,186042,158150,27892
2013,มุกดาหาร,13146,16494,123125,180,132,137,140,189,118,86,126,106,106,143,240,148,74,10,150,111,59,87,120,78,61,174,132,95,62,20,69,74,70,95,56,164,52,66,249,30,1,1,104,104,128,90,154,145,115,79,79,147887,34843,9374,25097,49848,58170,203969,186042,158150,27892
2013,สมุทรสาคร,18565,23658,56367,157,132,137,140,189,118,86,126,106,106,143,240,148,74,10,150,111,59,87,120,78,61,174,132,95,62,20,69,74,70,95,56,164,52,66,249,30,1,1,104,104,128,90,154,145,115,79,79,147887,34843,9374,25097,49848,58170,203969,186042,158150,27892
2013,อุบลราชธานี,13587,22344,166222,106,132,137,140,189,118,86,126,106,106,143,240,148,74,10,150,111,59,87,120,78,61,174,132,95,62,20,69,74,70,95,56,164,52,66,249,30,1,1,104,104,128,90,154,145,115,79,79,147887,34843,9374,25097,49848,58170,203969,186042,158150,27892
2015,พิษณุโลก,17650,19235,263135,114,125,127,121,177,99,84,102,107,108,97,249,155,47,10,157,99,51,92,122,67,66,143,94,84,55,18,67,69,63,114,51,157,47,57,241,25,0,0,109,109,133,90,163,164,111,72,72,144815,38673,9676,25509,47357,59186,220687,201618,176755,24863
2015,ร้อยเอ็ด,17756,19990,149907,102,125,127,121,177,99,84,102,107,108,97,249,155,47,10,157,99,51,92,122,67,66,143,94,84,55,18,67,69,63,114,51,157,47,57,241,25,0,0,109,109,133,90,163,164,111,72,72,144815,38673,9676,25509,47357,59186,220687,201618,176755,24863
2015,ประจวบคีรีขันธ์,21268,23523,168374,166,125,127,121,177,99,84,102,107,108,97,249,155,47,10,157,99,51,92,122,67,66,143,94,84,55,18,67,69,63,114,51,157,47,57,241,25,0,0,109,109,133,90,163,164,111,72,72,144815,38673,9676,25509,47357,59186,220687,201618,176755,24863
2015,ระนอง,18617,22035,106994,105,125,127,121,177,99,84,102,107,108,97,249,155,47,10,157,99,51,92,122,67,66,143,94,84,55,18,67,69,63,114,51,157,47,57,241,25,0,0,109,109,133,90,163,164,111,72,72,144815,38673,9676,25509,47357,59186,220687,201618,176755,24863
2015,ปทุมธานี,29770,41057,221748,88,125,127,121,177,99,84,102,107,108,97,249,155,47,10,157,99,51,92,122,67,66,143,94,84,55,18,67,69,63,114,51,157,47,57,241,25,0,0,109,109,133,90,163,164,111,72,72,144815,38673,9676,25509,47357,59186,220687,201618,176755,24863
2015,เพชรบูรณ์,16141,21336,148667,113,125,127,121,177,99,84,102,107,108,97,249,155,47,10,157,99,51,92,122,67,66,143,94,84,55,18,67,69,63,114,51,157,47,57,241,25,0,0,109,109,133,90,163,164,111,72,72,144815,38673,9676,25509,47357,59186,220687,201618,176755,24863
2015,ระยอง,24434,30315,145527,172,125,127,121,177,99,84,102,107,108,97,249,155,47,10,157,99,51,92,122,67,66,143,94,84,55,18,67,69,63,114,51,157,47,57,241,25,0,0,109,109,133,90,163,164,111,72,72,144815,38673,9676,25509,47357,59186,220687,201618,176755,24863
2015,บุรีรัมย์,16087,18480,159766,128,125,127,121,177,99,84,102,107,108,97,249,155,47,10,157,99,51,92,122,67,66,143,94,84,55,18,67,69,63,114,51,157,47,57,241,25,0,0,109,109,133,90,163,164,111,72,72,144815,38673,9676,25509,47357,59186,220687,201618,176755,24863
2015,ราชบุรี,15084,19590,104894,152,125,127,121,177,99,84,102,107,108,97,249,155,47,10,157,99,51,92,122,67,66,143,94,84,55,18,67,69,63,114,51,157,47,57,241,25,0,0,109,109,133,90,163,164,111,72,72,144815,38673,9676,25509,47357,59186,220687,201618,176755,24863
2015,น่าน,14165,17886,162325,134,125,127,121,177,99,84,102,107,108,97,249,155,47,10,157,99,51,92,122,67,66,143,94,84,55,18,67,69,63,114,51,157,47,57,241,25,0,0,109,109,133,90,163,164,111,72,72,144815,38673,9676,25509,47357,59186,220687,201618,176755,24863
2015,ภูเก็ต,27435,31500,135376,111,125,127,121,177,99,84,102,107,108,97,249,155,47,10,157,99,51,92,122,67,66,143,94,84,55,18,67,69,63,114,51,157,47,57,241,25,0,0,109,109,133,90,163,164,111,72,72,144815,38673,9676,25509,47357,59186,220687,201618,176755,24863
2015,ลพบุรี,17969,22955,92474,107,125,127,121,177,99,84,102,107,108,97,249,155,47,10,157,99,51,92,122,67,66,143,94,84,55,18,67,69,63,114,51,157,47,57,241,25,0,0,109,109,133,90,163,164,111,72,72,144815,38673,9676,25509,47357,59186,220687,201618,176755,24863
2015,นราธิวาส,13718,19890,40567,259,125,127,121,177,99,84,102,107,108,97,249,155,47,10,157,99,51,92,122,67,66,143,94,84,55,18,67,69,63,114,51,157,47,57,241,25,0,0,109,109,133,90,163,164,111,72,72,144815,38673,9676,25509,47357,59186,220687,201618,176755,24863
2015,พิจิตร,16854,22100,148751,118,125,127,121,177,99,84,102,107,108,97,249,155,47,10,157,99,51,92,122,67,66,143,94,84,55,18,67,69,63,114,51,157,47,57,241,25,0,0,109,109,133,90,163,164,111,72,72,144815,38673,9676,25509,47357,59186,220687,201618,176755,24863
2015,ลำปาง,15315,20466,119216,97,125,127,121,177,99,84,102,107,108,97,249,155,47,10,157,99,51,92,122,67,66,143,94,84,55,18,67,69,63,114,51,157,47,57,241,25,0,0,109,109,133,90,163,164,111,72,72,144815,38673,9676,25509,47357,59186,220687,201618,176755,24863
2015,นนทบุรี,31382,36884,277606,127,125,127,121,177,99,84,102,107,108,97,249,155,47,10,157,99,51,92,122,67,66,143,94,84,55,18,67,69,63,114,51,157,47,57,241,25,0,0,109,109,133,90,163,164,111,72,72,144815,38673,9676,25509,47357,59186,220687,201618,176755,24863
2015,ลำพูน,20550,23834,231587,104,125,127,121,177,99,84,102,107,108,97,249,155,47,10,157,99,51,92,122,67,66,143,94,84,55,18,67,69,63,114,51,157,47,57,241,25,0,0,109,109,133,90,163,164,111,72,72,144815,38673,9676,25509,47357,59186,220687,201618,176755,24863
2015,นครสวรรค์,17128,21952,188941,94,125,127,121,177,99,84,102,107,108,97,249,155,47,10,157,99,51,92,122,67,66,143,94,84,55,18,67,69,63,114,51,157,47,57,241,25,0,0,109,109,133,90,163,164,111,72,72,144815,38673,9676,25509,47357,59186,220687,201618,176755,24863
2015,ปราจีนบุรี,20995,24166,161433,159,125,127,121,177,99,84,102,107,108,97,249,155,47,10,157,99,51,92,122,67,66,143,94,84,55,18,67,69,63,114,51,157,47,57,241,25,0,0,109,109,133,90,163,164,111,72,72,144815,38673,9676,25509,47357,59186,220687,201618,176755,24863
2015,เพชรบุรี,22154,26431,170522,134,125,127,121,177,99,84,102,107,108,97,249,155,47,10,157,99,51,92,122,67,66,143,94,84,55,18,67,69,63,114,51,157,47,57,241,25,0,0,109,109,133,90,163,164,111,72,72,144815,38673,9676,25509,47357,59186,220687,201618,176755,24863
2015,เลย,16232,20990,169523,125,125,127,121,177,99,84,102,107,108,97,249,155,47,10,157,99,51,92,122,67,66,143,94,84,55,18,67,69,63,114,51,157,47,57,241,25,0,0,109,109,133,90,163,164,111,72,72,144815,38673,9676,25509,47357,59186,220687,201618,176755,24863
2015,นครศรีธรรมราช,19829,25124,164476,124,125,127,121,177,99,84,102,107,108,97,249,155,47,10,157,99,51,92,122,67,66,143,94,84,55,18,67,69,63,114,51,157,47,57,241,25,0,0,109,109,133,90,163,164,111,72,72,144815,38673,9676,25509,47357,59186,220687,201618,176755,24863
2015,ศรีสะเกษ,18124,18792,135277,161,125,127,121,177,99,84,102,107,108,97,249,155,47,10,157,99,51,92,122,67,66,143,94,84,55,18,67,69,63,114,51,157,47,57,241,25,0,0,109,109,133,90,163,164,111,72,72,144815,38673,9676,25509,47357,59186,220687,201618,176755,24863
2015,นครราชสีมา,18645,26376,245760,154,125,127,121,177,99,84,102,107,108,97,249,155,47,10,157,99,51,92,122,67,66,143,94,84,55,18,67,69,63,114,51,157,47,57,241,25,0,0,109,109,133,90,163,164,111,72,72,144815,38673,9676,25509,47357,59186,220687,201618,176755,24863
2015,มหาสารคาม,14654,18540,128258,91,125,127,121,177,99,84,102,107,108,97,249,155,47,10,157,99,51,92,122,67,66,143,94,84,55,18,67,69,63,114,51,157,47,57,241,25,0,0,109,109,133,90,163,164,111,72,72,144815,38673,9676,25509,47357,59186,220687,201618,176755,24863
2015,สกลนคร,14550,19281,164190,142,125,127,121,177,99,84,102,107,108,97,249,155,47,10,157,99,51,92,122,67,66,143,94,84,55,18,67,69,63,114,51,157,47,57,241,25,0,0,109,109,133,90,163,164,111,72,72,144815,38673,9676,25509,47357,59186,220687,201618,176755,24863
2015,นครพนม,13973,15804,102816,142,125,127,121,177,99,84,102,107,108,97,249,155,47,10,157,99,51,92,122,67,66,143,94,84,55,18,67,69,63,114,51,157,47,57,241,25,0,0,109,109,133,90,163,164,111,72,72,144815,38673,9676,25509,47357,59186,220687,201618,176755,24863
2015,พัทลุง,17143,21478,206986,95,125,127,121,177,99,84,102,107,108,97,249,155,47,10,157,99,51,92,122,67,66,143,94,84,55,18,67,69,63,114,51,157,47,57,241,25,0,0,109,109,133,90,163,164,111,72,72,144815,38673,9676,25509,47357,59186,220687,201618,176755,24863
2015,สงขลา,23617,27660,172272,127,125,127,121,177,99,84,102,107,108,97,249,155,47,10,157,99,51,92,122,67,66,143,94,84,55,18,67,69,63,114,51,157,47,57,241,25,0,0,109,109,133,90,163,164,111,72,72,144815,38673,9676,25509,47357,59186,220687,201618,176755,24863
2015,นครปฐม,26025,40347,153504,139,125,127,121,177,99,84,102,107,108,97,249,155,47,10,157,99,51,92,122,67,66,143,94,84,55,18,67,69,63,114,51,157,47,57,241,25,0,0,109,109,133,90,163,164,111,72,72,144815,38673,9676,25509,47357,59186,220687,201618,176755,24863
2015,สตูล,19591,23208,145458,101,125,127,121,177,99,84,102,107,108,97,249,155,47,10,157,99,51,92,122,67,66,143,94,84,55,18,67,69,63,114,51,157,47,57,241,25,0,0,109,109,133,90,163,164,111,72,72,144815,38673,9676,25509,47357,59186,220687,201618,176755,24863
2015,นครนายก,18154,23555,144657,104,125,127,121,177,99,84,102,107,108,97,249,155,47,10,157,99,51,92,122,67,66,143,94,84,55,18,67,69,63,114,51,157,47,57,241,25,0,0,109,109,133,90,163,164,111,72,72,144815,38673,9676,25509,47357,59186,220687,201618,176755,24863
2015,สมุทรปราการ,22332,25457,87647,168,125,127,121,177,99,84,102,107,108,97,249,155,47,10,157,99,51,92,122,67,66,143,94,84,55,18,67,69,63,114,51,157,47,57,241,25,0,0,109,109,133,90,163,164,111,72,72,144815,38673,9676,25509,47357,59186,220687,201618,176755,24863
2015,ตาก,15176,20079,145791,144,125,127,121,177,99,84,102,107,108,97,249,155,47,10,157,99,51,92,122,67,66,143,94,84,55,18,67,69,63,114,51,157,47,57,241,25,0,0,109,109,133,90,163,164,111,72,72,144815,38673,9676,25509,47357,59186,220687,201618,176755,24863
2015,สมุทรสงคราม,18801,18310,8090,141,125,127,121,177,99,84,102,107,108,97,249,155,47,10,157,99,51,92,122,67,66,143,94,84,55,18,67,69,63,114,51,157,47,57,241,25,0,0,109,109,133,90,163,164,111,72,72,144815,38673,9676,25509,47357,59186,220687,201618,176755,24863
2015,ตราด,18989,25333,147114,116,125,127,121,177,99,84,102,107,108,97,249,155,47,10,157,99,51,92,122,67,66,143,94,84,55,18,67,69,63,114,51,157,47,57,241,25,0,0,109,109,133,90,163,164,111,72,72,144815,38673,9676,25509,47357,59186,220687,201618,176755,24863
2015,สมุทรสาคร,22877,29347,128830,126,125,127,121,177,99,84,102,107,108,97,249,155,47,10,157,99,51,92,122,67,66,143,94,84,55,18,67,69,63,114,51,157,47,57,241,25,0,0,109,109,133,90,163,164,111,72,72,144815,38673,9676,25509,47357,59186,220687,201618,176755,24863
2015,ตรัง,19795,23309,131873,98,125,127,121,177,99,84,102,107,108,97,249,155,47,10,157,99,51,92,122,67,66,143,94,84,55,18,67,69,63,114,51,157,47,57,241,25,0,0,109,109,133,90,163,164,111,72,72,144815,38673,9676,25509,47357,59186,220687,201618,176755,24863
2015,สุโขทัย,17246,22251,218302,125,125,127,121,177,99,84,102,107,108,97,249,155,47,10,157,99,51,92,122,67,66,143,94,84,55,18,67,69,63,114,51,157,47,57,241,25,0,0,109,109,133,90,163,164,111,72,72,144815,38673,9676,25509,47357,59186,220687,201618,176755,24863
2015,หนองคาย,19278,21206,107736,79,125,127,121,177,99,84,102,107,108,97,249,155,47,10,157,99,51,92,122,67,66,143,94,84,55,18,67,69,63,114,51,157,47,57,241,25,0,0,109,109,133,90,163,164,111,72,72,144815,38673,9676,25509,47357,59186,220687,201618,176755,24863
2015,จันทบุรี,23351,36024,130258,144,125,127,121,177,99,84,102,107,108,97,249,155,47,10,157,99,51,92,122,67,66,143,94,84,55,18,67,69,63,114,51,157,47,57,241,25,0,0,109,109,133,90,163,164,111,72,72,144815,38673,9676,25509,47357,59186,220687,201618,176755,24863
2015,ชัยภูมิ,16332,23829,155902,212,125,127,121,177,99,84,102,107,108,97,249,155,47,10,157,99,51,92,122,67,66,143,94,84,55,18,67,69,63,114,51,157,47,57,241,25,0,0,109,109,133,90,163,164,111,72,72,144815,38673,9676,25509,47357,59186,220687,201618,176755,24863
2015,เชียงราย,12075,13497,73166,106,125,127,121,177,99,84,102,107,108,97,249,155,47,10,157,99,51,92,122,67,66,143,94,84,55,18,67,69,63,114,51,157,47,57,241,25,0,0,109,109,133,90,163,164,111,72,72,144815,38673,9676,25509,47357,59186,220687,201618,176755,24863
2015,เชียงใหม่,11864,14950,31196,135,125,127,121,177,99,84,102,107,108,97,249,155,47,10,157,99,51,92,122,67,66,143,94,84,55,18,67,69,63,114,51,157,47,57,241,25,0,0,109,109,133,90,163,164,111,72,72,144815,38673,9676,25509,47357,59186,220687,201618,176755,24863
2015,หนองบัวลำภู,18761,22552,140079,156,125,127,121,177,99,84,102,107,108,97,249,155,47,10,157,99,51,92,122,67,66,143,94,84,55,18,67,69,63,114,51,157,47,57,241,25,0,0,109,109,133,90,163,164,111,72,72,144815,38673,9676,25509,47357,59186,220687,201618,176755,24863
2015,ขอนแก่น,16880,21337,62493,103,125,127,121,177,99,84,102,107,108,97,249,155,47,10,157,99,51,92,122,67,66,143,94,84,55,18,67,69,63,114,51,157,47,57,241,25,0,0,109,109,133,90,163,164,111,72,72,144815,38673,9676,25509,47357,59186,220687,201618,176755,24863
2015,มุกดาหาร,17768,22870,184067,257,125,127,121,177,99,84,102,107,108,97,249,155,47,10,157,99,51,92,122,67,66,143,94,84,55,18,67,69,63,114,51,157,47,57,241,25,0,0,109,109,133,90,163,164,111,72,72,144815,38673,9676,25509,47357,59186,220687,201618,176755,24863
2015,สุพรรณบุรี,14146,15786,50553,106,125,127,121,177,99,84,102,107,108,97,249,155,47,10,157,99,51,92,122,67,66,143,94,84,55,18,67,69,63,114,51,157,47,57,241,25,0,0,109,109,133,90,163,164,111,72,72,144815,38673,9676,25509,47357,59186,220687,201618,176755,24863
2015,ชัยนาท,17163,22059,273336,120,125,127,121,177,99,84,102,107,108,97,249,155,47,10,157,99,51,92,122,67,66,143,94,84,55,18,67,69,63,114,51,157,47,57,241,25,0,0,109,109,133,90,163,164,111,72,72,144815,38673,9676,25509,47357,59186,220687,201618,176755,24863
2015,อ่างทอง,17574,23350,132829,131,125,127,121,177,99,84,102,107,108,97,249,155,47,10,157,99,51,92,122,67,66,143,94,84,55,18,67,69,63,114,51,157,47,57,241,25,0,0,109,109,133,90,163,164,111,72,72,144815,38673,9676,25509,47357,59186,220687,201618,176755,24863
2015,กำแพงเพชร,17371,20140,204669,139,125,127,121,177,99,84,102,107,108,97,249,155,47,10,157,99,51,92,122,67,66,143,94,84,55,18,67,69,63,114,51,157,47,57,241,25,0,0,109,109,133,90,163,164,111,72,72,144815,38673,9676,25509,47357,59186,220687,201618,176755,24863
2015,พังงา,20717,28842,164167,151,125,127,121,177,99,84,102,107,108,97,249,155,47,10,157,99,51,92,122,67,66,143,94,84,55,18,67,69,63,114,51,157,47,57,241,25,0,0,109,109,133,90,163,164,111,72,72,144815,38673,9676,25509,47357,59186,220687,201618,176755,24863
2015,ยโสธร,14453,19518,123720,55,125,127,121,177,99,84,102,107,108,97,249,155,47,10,157,99,51,92,122,67,66,143,94,84,55,18,67,69,63,114,51,157,47,57,241,25,0,0,109,109,133,90,163,164,111,72,72,144815,38673,9676,25509,47357,59186,220687,201618,176755,24863
2015,แม่ฮ่องสอน,12131,15119,123172,96,125,127,121,177,99,84,102,107,108,97,249,155,47,10,157,99,51,92,122,67,66,143,94,84,55,18,67,69,63,114,51,157,47,57,241,25,0,0,109,109,133,90,163,164,111,72,72,144815,38673,9676,25509,47357,59186,220687,201618,176755,24863
2015,อำนาจเจริญ,17029,21173,173276,117,125,127,121,177,99,84,102,107,108,97,249,155,47,10,157,99,51,92,122,67,66,143,94,84,55,18,67,69,63,114,51,157,47,57,241,25,0,0,109,109,133,90,163,164,111,72,72,144815,38673,9676,25509,47357,59186,220687,201618,176755,24863
2015,กาฬสินธุ์,12747,15452,131577,113,125,127,121,177,99,84,102,107,108,97,249,155,47,10,157,99,51,92,122,67,66,143,94,84,55,18,67,69,63,114,51,157,47,57,241,25,0,0,109,109,133,90,163,164,111,72,72,144815,38673,9676,25509,47357,59186,220687,201618,176755,24863
2015,อุบลราชธานี,13848,20452,136208,114,125,127,121,177,99,84,102,107,108,97,249,155,47,10,157,99,51,92,122,67,66,143,94,84,55,18,67,69,63,114,51,157,47,57,241,25,0,0,109,109,133,90,163,164,111,72,72,144815,38673,9676,25509,47357,59186,220687,201618,176755,24863
2015,ปัตตานี,15341,17513,141540,209,125,127,121,177,99,84,102,107,108,97,249,155,47,10,157,99,51,92,122,67,66,143,94,84,55,18,67,69,63,114,51,157,47,57,241,25,0,0,109,109,133,90,163,164,111,72,72,144815,38673,9676,25509,47357,59186,220687,201618,176755,24863
2015,สิงห์บุรี,22137,26112,168239,121,125,127,121,177,99,84,102,107,108,97,249,155,47,10,157,99,51,92,122,67,66,143,94,84,55,18,67,69,63,114,51,157,47,57,241,25,0,0,109,109,133,90,163,164,111,72,72,144815,38673,9676,25509,47357,59186,220687,201618,176755,24863
2015,อุดรธานี,22535,22817,197757,97,125,127,121,177,99,84,102,107,108,97,249,155,47,10,157,99,51,92,122,67,66,143,94,84,55,18,67,69,63,114,51,157,47,57,241,25,0,0,109,109,133,90,163,164,111,72,72,144815,38673,9676,25509,47357,59186,220687,201618,176755,24863
2015,กาญจนบุรี,15765,18884,89862,118,125,127,121,177,99,84,102,107,108,97,249,155,47,10,157,99,51,92,122,67,66,143,94,84,55,18,67,69,63,114,51,157,47,57,241,25,0,0,109,109,133,90,163,164,111,72,72,144815,38673,9676,25509,47357,59186,220687,201618,176755,24863
2015,สุราษฎร์ธานี,26165,36466,219065,135,125,127,121,177,99,84,102,107,108,97,249,155,47,10,157,99,51,92,122,67,66,143,94,84,55,18,67,69,63,114,51,157,47,57,241,25,0,0,109,109,133,90,163,164,111,72,72,144815,38673,9676,25509,47357,59186,220687,201618,176755,24863
2015,ชลบุรี,24182,27257,149192,167,125,127,121,177,99,84,102,107,108,97,249,155,47,10,157,99,51,92,122,67,66,143,94,84,55,18,67,69,63,114,51,157,47,57,241,25,0,0,109,109,133,90,163,164,111,72,72,144815,38673,9676,25509,47357,59186,220687,201618,176755,24863
2015,ชุมพร,24542,29306,199746,137,125,127,121,177,99,84,102,107,108,97,249,155,47,10,157,99,51,92,122,67,66,143,94,84,55,18,67,69,63,114,51,157,47,57,241,25,0,0,109,109,133,90,163,164,111,72,72,144815,38673,9676,25509,47357,59186,220687,201618,176755,24863
2015,อุตรดิตถ์,15815,19239,149576,92,125,127,121,177,99,84,102,107,108,97,249,155,47,10,157,99,51,92,122,67,66,143,94,84,55,18,67,69,63,114,51,157,47,57,241,25,0,0,109,109,133,90,163,164,111,72,72,144815,38673,9676,25509,47357,59186,220687,201618,176755,24863
2015,กรุงเทพมหานคร,33086,45572,164706,166,125,127,121,177,99,84,102,107,108,97,249,155,47,10,157,99,51,92,122,67,66,143,94,84,55,18,67,69,63,114,51,157,47,57,241,25,0,0,109,109,133,90,163,164,111,72,72,144815,38673,9676,25509,47357,59186,220687,201618,176755,24863
2015,พะเยา,13783,17673,148001,107,125,127,121,177,99,84,102,107,108,97,249,155,47,10,157,99,51,92,122,67,66,143,94,84,55,18,67,69,63,114,51,157,47,57,241,25,0,0,109,109,133,90,163,164,111,72,72,144815,38673,9676,25509,47357,59186,220687,201618,176755,24863
2015,แพร่,16449,21795,180460,114,125,127,121,177,99,84,102,107,108,97,249,155,47,10,157,99,51,92,122,67,66,143,94,84,55,18,67,69,63,114,51,157,47,57,241,25,0,0,109,109,133,90,163,164,111,72,72,144815,38673,9676,25509,47357,59186,220687,201618,176755,24863
2015,สระแก้ว,20577,26953,249127,162,125,127,121,177,99,84,102,107,108,97,249,155,47,10,157,99,51,92,122,67,66,143,94,84,55,18,67,69,63,114,51,157,47,57,241,25,0,0,109,109,133,90,163,164,111,72,72,144815,38673,9676,25509,47357,59186,220687,201618,176755,24863
2015,อุทัยธานี,16403,20114,194462,120,125,127,121,177,99,84,102,107,108,97,249,155,47,10,157,99,51,92,122,67,66,143,94,84,55,18,67,69,63,114,51,157,47,57,241,25,0,0,109,109,133,90,163,164,111,72,72,144815,38673,9676,25509,47357,59186,220687,201618,176755,24863
2015,กระบี่,28403,31011,373325,124,125,127,121,177,99,84,102,107,108,97,249,155,47,10,157,99,51,92,122,67,66,143,94,84,55,18,67,69,63,114,51,157,47,57,241,25,0,0,109,109,133,90,163,164,111,72,72,144815,38673,9676,25509,47357,59186,220687,201618,176755,24863
2015,สุรินทร์,18537,20315,246348,83,125,127,121,177,99,84,102,107,108,97,249,155,47,10,157,99,51,92,122,67,66,143,94,84,55,18,67,69,63,114,51,157,47,57,241,25,0,0,109,109,133,90,163,164,111,72,72,144815,38673,9676,25509,47357,59186,220687,201618,176755,24863
2015,ฉะเชิงเทรา,21783,27555,75443,153,125,127,121,177,99,84,102,107,108,97,249,155,47,10,157,99,51,92,122,67,66,143,94,84,55,18,67,69,63,114,51,157,47,57,241,25,0,0,109,109,133,90,163,164,111,72,72,144815,38673,9676,25509,47357,59186,220687,201618,176755,24863
2015,สระบุรี,23017,29413,197695,141,125,127,121,177,99,84,102,107,108,97,249,155,47,10,157,99,51,92,122,67,66,143,94,84,55,18,67,69,63,114,51,157,47,57,241,25,0,0,109,109,133,90,163,164,111,72,72,144815,38673,9676,25509,47357,59186,220687,201618,176755,24863
2015,ยะลา,13454,15584,22272,123,125,127,121,177,99,84,102,107,108,97,249,155,47,10,157,99,51,92,122,67,66,143,94,84,55,18,67,69,63,114,51,157,47,57,241,25,0,0,109,109,133,90,163,164,111,72,72,144815,38673,9676,25509,47357,59186,220687,201618,176755,24863
